datetime,portfolio_value,cash,positions,return
2024-06-17 08:30:00-04:00,100000.0,100000.0,[],
2024-06-17 09:30:00-04:00,100000.0,100000.0,[],0.0
2024-06-17 09:30:00-04:00,100000.0,100000.0,[],0.0
2024-06-18 09:30:00-04:00,100510.0,97070.0,"[{'asset': SPY 2024-07-19 540 CALL, 'quantity': 10.0}, {'asset': SPY 2024-07-19 545 CALL, 'quantity': -10.0}]",0.0051000000000001044
2024-06-19 09:30:00-04:00,100720.0,97070.0,"[{'asset': SPY 2024-07-19 540 CALL, 'quantity': 10.0}, {'asset': SPY 2024-07-19 545 CALL, 'quantity': -10.0}]",0.0020893443438463333
2024-06-19 09:29:00-04:00,100720.0,97070.0,"[{'asset': SPY 2024-07-19 540 CALL, 'quantity': 10.0}, {'asset': SPY 2024-07-19 545 CALL, 'quantity': -10.0}]",0.0
2024-06-20 08:30:00-04:00,100720.0,97070.0,"[{'asset': SPY 2024-07-19 540 CALL, 'quantity': 10.0}, {'asset': SPY 2024-07-19 545 CALL, 'quantity': -10.0}]",0.0
2024-06-20 09:30:00-04:00,100680.0,97070.0,"[{'asset': SPY 2024-07-19 540 CALL, 'quantity': 10.0}, {'asset': SPY 2024-07-19 545 CALL, 'quantity': -10.0}]",-0.0003971405877680745
2024-06-20 09:30:00-04:00,100680.0,97070.0,"[{'asset': SPY 2024-07-19 540 CALL, 'quantity': 10.0}, {'asset': SPY 2024-07-19 545 CALL, 'quantity': -10.0}]",0.0
2024-06-21 09:30:00-04:00,100360.0,97070.0,"[{'asset': SPY 2024-07-19 540 CALL, 'quantity': 10.0}, {'asset': SPY 2024-07-19 545 CALL, 'quantity': -10.0}]",-0.003178386968613389
2024-06-22 09:30:00-04:00,100450.0,97070.0,"[{'asset': SPY 2024-07-19 540 CALL, 'quantity': 10.0}, {'asset': SPY 2024-07-19 545 CALL, 'quantity': -10.0}]",0.0008967716221601751
2024-06-22 09:29:00-04:00,100450.0,97070.0,"[{'asset': SPY 2024-07-19 540 CALL, 'quantity': 10.0}, {'asset': SPY 2024-07-19 545 CALL, 'quantity': -10.0}]",0.0
2024-06-24 08:30:00-04:00,100450.0,97070.0,"[{'asset': SPY 2024-07-19 540 CALL, 'quantity': 10.0}, {'asset': SPY 2024-07-19 545 CALL, 'quantity': -10.0}]",0.0
2024-06-24 09:30:00-04:00,100660.0,97070.0,"[{'asset': SPY 2024-07-19 540 CALL, 'quantity': 10.0}, {'asset': SPY 2024-07-19 545 CALL, 'quantity': -10.0}]",0.002090592334494712
2024-06-24 09:30:00-04:00,100660.0,97070.0,"[{'asset': SPY 2024-07-19 540 CALL, 'quantity': 10.0}, {'asset': SPY 2024-07-19 545 CALL, 'quantity': -10.0}]",0.0
2024-06-25 09:30:00-04:00,100280.0,97070.0,"[{'asset': SPY 2024-07-19 540 CALL, 'quantity': 10.0}, {'asset': SPY 2024-07-19 545 CALL, 'quantity': -10.0}]",-0.003775084442678378
2024-06-26 09:30:00-04:00,100500.0,97070.0,"[{'asset': SPY 2024-07-19 540 CALL, 'quantity': 10.0}, {'asset': SPY 2024-07-19 545 CALL, 'quantity': -10.0}]",0.0021938571998405543
2024-06-27 09:30:00-04:00,101080.0,97070.0,"[{'asset': SPY 2024-07-19 540 CALL, 'quantity': 10.0}, {'asset': SPY 2024-07-19 545 CALL, 'quantity': -10.0}]",0.005771144278607032
2024-06-28 09:30:00-04:00,100790.0,97070.0,"[{'asset': SPY 2024-07-19 540 CALL, 'quantity': 10.0}, {'asset': SPY 2024-07-19 545 CALL, 'quantity': -10.0}]",-0.0028690146418678397
2024-06-29 09:30:00-04:00,100390.0,97070.0,"[{'asset': SPY 2024-07-19 540 CALL, 'quantity': 10.0}, {'asset': SPY 2024-07-19 545 CALL, 'quantity': -10.0}]",-0.003968647683301962
2024-06-29 09:29:00-04:00,100390.0,97070.0,"[{'asset': SPY 2024-07-19 540 CALL, 'quantity': 10.0}, {'asset': SPY 2024-07-19 545 CALL, 'quantity': -10.0}]",0.0
2024-07-01 08:30:00-04:00,100390.0,97070.0,"[{'asset': SPY 2024-07-19 540 CALL, 'quantity': 10.0}, {'asset': SPY 2024-07-19 545 CALL, 'quantity': -10.0}]",0.0
2024-07-01 09:30:00-04:00,100510.0,97070.0,"[{'asset': SPY 2024-07-19 540 CALL, 'quantity': 10.0}, {'asset': SPY 2024-07-19 545 CALL, 'quantity': -10.0}]",0.0011953381810936303
2024-07-01 09:30:00-04:00,100510.0,97070.0,"[{'asset': SPY 2024-07-19 540 CALL, 'quantity': 10.0}, {'asset': SPY 2024-07-19 545 CALL, 'quantity': -10.0}]",0.0
2024-07-02 09:30:00-04:00,100380.0,97070.0,"[{'asset': SPY 2024-07-19 540 CALL, 'quantity': 10.0}, {'asset': SPY 2024-07-19 545 CALL, 'quantity': -10.0}]",-0.0012934036414287142
2024-07-03 09:30:00-04:00,101110.0,97070.0,"[{'asset': SPY 2024-07-19 540 CALL, 'quantity': 10.0}, {'asset': SPY 2024-07-19 545 CALL, 'quantity': -10.0}]",0.007272365012950699
2024-07-04 09:30:00-04:00,101290.0,97070.0,"[{'asset': SPY 2024-07-19 540 CALL, 'quantity': 10.0}, {'asset': SPY 2024-07-19 545 CALL, 'quantity': -10.0}]",0.0017802393432895247
2024-07-04 09:29:00-04:00,101290.0,97070.0,"[{'asset': SPY 2024-07-19 540 CALL, 'quantity': 10.0}, {'asset': SPY 2024-07-19 545 CALL, 'quantity': -10.0}]",0.0
2024-07-05 08:30:00-04:00,101290.0,97070.0,"[{'asset': SPY 2024-07-19 540 CALL, 'quantity': 10.0}, {'asset': SPY 2024-07-19 545 CALL, 'quantity': -10.0}]",0.0
2024-07-05 09:30:00-04:00,101370.0,97070.0,"[{'asset': SPY 2024-07-19 540 CALL, 'quantity': 10.0}, {'asset': SPY 2024-07-19 545 CALL, 'quantity': -10.0}]",0.0007898114325204375
2024-07-05 09:30:00-04:00,101370.0,97070.0,"[{'asset': SPY 2024-07-19 540 CALL, 'quantity': 10.0}, {'asset': SPY 2024-07-19 545 CALL, 'quantity': -10.0}]",0.0
2024-07-06 09:30:00-04:00,101600.0,97070.0,"[{'asset': SPY 2024-07-19 540 CALL, 'quantity': 10.0}, {'asset': SPY 2024-07-19 545 CALL, 'quantity': -10.0}]",0.002268915852816411
2024-07-06 09:29:00-04:00,101600.0,97070.0,"[{'asset': SPY 2024-07-19 540 CALL, 'quantity': 10.0}, {'asset': SPY 2024-07-19 545 CALL, 'quantity': -10.0}]",0.0
2024-07-08 08:30:00-04:00,101600.0,97070.0,"[{'asset': SPY 2024-07-19 540 CALL, 'quantity': 10.0}, {'asset': SPY 2024-07-19 545 CALL, 'quantity': -10.0}]",0.0
2024-07-08 09:30:00-04:00,100950.0,97070.0,"[{'asset': SPY 2024-07-19 540 CALL, 'quantity': 10.0}, {'asset': SPY 2024-07-19 545 CALL, 'quantity': -10.0}]",-0.006397637795275579
2024-07-08 09:30:00-04:00,100950.0,97070.0,"[{'asset': SPY 2024-07-19 540 CALL, 'quantity': 10.0}, {'asset': SPY 2024-07-19 545 CALL, 'quantity': -10.0}]",0.0
2024-07-09 09:30:00-04:00,101670.0,97070.0,"[{'asset': SPY 2024-07-19 540 CALL, 'quantity': 10.0}, {'asset': SPY 2024-07-19 545 CALL, 'quantity': -10.0}]",0.007132243684992545
2024-07-10 09:30:00-04:00,101840.0,97070.0,"[{'asset': SPY 2024-07-19 540 CALL, 'quantity': 10.0}, {'asset': SPY 2024-07-19 545 CALL, 'quantity': -10.0}]",0.0016720763253663673
2024-07-11 09:30:00-04:00,101970.0,97070.0,"[{'asset': SPY 2024-07-19 540 CALL, 'quantity': 10.0}, {'asset': SPY 2024-07-19 545 CALL, 'quantity': -10.0}]",0.0012765121759623632
2024-07-12 09:30:00-04:00,102410.0,97070.0,"[{'asset': SPY 2024-07-19 540 CALL, 'quantity': 10.0}, {'asset': SPY 2024-07-19 545 CALL, 'quantity': -10.0}]",0.004314994606256839
2024-07-13 09:30:00-04:00,102000.0,97070.0,"[{'asset': SPY 2024-07-19 540 CALL, 'quantity': 10.0}, {'asset': SPY 2024-07-19 545 CALL, 'quantity': -10.0}]",-0.004003515281710723
2024-07-13 09:29:00-04:00,102000.0,97070.0,"[{'asset': SPY 2024-07-19 540 CALL, 'quantity': 10.0}, {'asset': SPY 2024-07-19 545 CALL, 'quantity': -10.0}]",0.0
2024-07-15 08:30:00-04:00,102000.0,97070.0,"[{'asset': SPY 2024-07-19 540 CALL, 'quantity': 10.0}, {'asset': SPY 2024-07-19 545 CALL, 'quantity': -10.0}]",0.0
2024-07-15 09:30:00-04:00,102000.0,97070.0,"[{'asset': SPY 2024-07-19 540 CALL, 'quantity': 10.0}, {'asset': SPY 2024-07-19 545 CALL, 'quantity': -10.0}]",0.0
2024-07-15 09:30:00-04:00,102000.0,97070.0,"[{'asset': SPY 2024-07-19 540 CALL, 'quantity': 10.0}, {'asset': SPY 2024-07-19 545 CALL, 'quantity': -10.0}]",0.0
2024-07-16 09:30:00-04:00,102460.0,97070.0,"[{'asset': SPY 2024-07-19 540 CALL, 'quantity': 10.0}, {'asset': SPY 2024-07-19 545 CALL, 'quantity': -10.0}]",0.004509803921568523
2024-07-17 09:30:00-04:00,102030.0,97070.0,"[{'asset': SPY 2024-07-19 540 CALL, 'quantity': 10.0}, {'asset': SPY 2024-07-19 545 CALL, 'quantity': -10.0}]",-0.004196759711106779
2024-07-18 09:30:00-04:00,102380.0,97070.0,"[{'asset': SPY 2024-07-19 540 CALL, 'quantity': 10.0}, {'asset': SPY 2024-07-19 545 CALL, 'quantity': -10.0}]",0.0034303636185435415
2024-07-19 09:30:00-04:00,102020.0,97070.0,"[{'asset': SPY 2024-07-19 540 CALL, 'quantity': 10.0}, {'asset': SPY 2024-07-19 545 CALL, 'quantity': -10.0}]",-0.00351631177964451
2024-07-20 09:30:00-04:00,102070.0,102070.0,[],0.0004900999803960637
2024-07-20 09:29:00-04:00,102070.0,102070.0,[],0.0
2024-07-22 08:30:00-04:00,102070.0,102070.0,[],0.0
2024-07-22 09:30:00-04:00,102070.0,102070.0,[],0.0
2024-07-22 09:30:00-04:00,102070.0,102070.0,[],0.0
2024-07-23 09:30:00-04:00,102210.0,99460.0,"[{'asset': SPY 2024-08-16 555 CALL, 'quantity': 10.0}, {'asset': SPY 2024-08-16 560 CALL, 'quantity': -10.0}]",0.0013716077201919585
2024-07-24 09:30:00-04:00,101560.0,99460.0,"[{'asset': SPY 2024-08-16 555 CALL, 'quantity': 10.0}, {'asset': SPY 2024-08-16 560 CALL, 'quantity': -10.0}]",-0.006359456021915677
2024-07-25 09:30:00-04:00,100780.0,99460.0,"[{'asset': SPY 2024-08-16 555 CALL, 'quantity': 10.0}, {'asset': SPY 2024-08-16 560 CALL, 'quantity': -10.0}]",-0.007680189050807362
2024-07-26 09:30:00-04:00,100630.0,99460.0,"[{'asset': SPY 2024-08-16 555 CALL, 'quantity': 10.0}, {'asset': SPY 2024-08-16 560 CALL, 'quantity': -10.0}]",-0.0014883905536813291
2024-07-27 09:30:00-04:00,100980.0,99460.0,"[{'asset': SPY 2024-08-16 555 CALL, 'quantity': 10.0}, {'asset': SPY 2024-08-16 560 CALL, 'quantity': -10.0}]",0.0034780880453144647
2024-07-27 09:29:00-04:00,100980.0,99460.0,"[{'asset': SPY 2024-08-16 555 CALL, 'quantity': 10.0}, {'asset': SPY 2024-08-16 560 CALL, 'quantity': -10.0}]",0.0
2024-07-29 08:30:00-04:00,100980.0,99460.0,"[{'asset': SPY 2024-08-16 555 CALL, 'quantity': 10.0}, {'asset': SPY 2024-08-16 560 CALL, 'quantity': -10.0}]",0.0
2024-07-29 09:30:00-04:00,101080.0,99460.0,"[{'asset': SPY 2024-08-16 555 CALL, 'quantity': 10.0}, {'asset': SPY 2024-08-16 560 CALL, 'quantity': -10.0}]",0.0009902951079421296
2024-07-29 09:30:00-04:00,101080.0,99460.0,"[{'asset': SPY 2024-08-16 555 CALL, 'quantity': 10.0}, {'asset': SPY 2024-08-16 560 CALL, 'quantity': -10.0}]",0.0
2024-07-30 09:30:00-04:00,101070.0,99460.0,"[{'asset': SPY 2024-08-16 555 CALL, 'quantity': 10.0}, {'asset': SPY 2024-08-16 560 CALL, 'quantity': -10.0}]",-9.893153937479138e-05
2024-07-31 09:30:00-04:00,101330.0,99460.0,"[{'asset': SPY 2024-08-16 555 CALL, 'quantity': 10.0}, {'asset': SPY 2024-08-16 560 CALL, 'quantity': -10.0}]",0.0025724745226081147
2024-08-01 09:30:00-04:00,101880.0,99460.0,"[{'asset': SPY 2024-08-16 555 CALL, 'quantity': 10.0}, {'asset': SPY 2024-08-16 560 CALL, 'quantity': -10.0}]",0.00542781012533311
2024-08-02 09:30:00-04:00,100180.0,99460.0,"[{'asset': SPY 2024-08-16 555 CALL, 'quantity': 10.0}, {'asset': SPY 2024-08-16 560 CALL, 'quantity': -10.0}]",-0.01668629760502549
2024-08-03 09:30:00-04:00,99960.0,99460.0,"[{'asset': SPY 2024-08-16 555 CALL, 'quantity': 10.0}, {'asset': SPY 2024-08-16 560 CALL, 'quantity': -10.0}]",-0.002196047115192612
2024-08-03 09:29:00-04:00,99960.0,99460.0,"[{'asset': SPY 2024-08-16 555 CALL, 'quantity': 10.0}, {'asset': SPY 2024-08-16 560 CALL, 'quantity': -10.0}]",0.0
2024-08-05 08:30:00-04:00,99960.0,99460.0,"[{'asset': SPY 2024-08-16 555 CALL, 'quantity': 10.0}, {'asset': SPY 2024-08-16 560 CALL, 'quantity': -10.0}]",0.0
2024-08-05 09:30:00-04:00,99770.0,99460.0,"[{'asset': SPY 2024-08-16 555 CALL, 'quantity': 10.0}, {'asset': SPY 2024-08-16 560 CALL, 'quantity': -10.0}]",-0.0019007603041216736
2024-08-05 09:30:00-04:00,99770.0,99460.0,"[{'asset': SPY 2024-08-16 555 CALL, 'quantity': 10.0}, {'asset': SPY 2024-08-16 560 CALL, 'quantity': -10.0}]",0.0
2024-08-06 09:30:00-04:00,99560.0,99460.0,"[{'asset': SPY 2024-08-16 555 CALL, 'quantity': 10.0}, {'asset': SPY 2024-08-16 560 CALL, 'quantity': -10.0}]",-0.002104841134609625
2024-08-07 09:30:00-04:00,99560.0,99460.0,"[{'asset': SPY 2024-08-16 555 CALL, 'quantity': 10.0}, {'asset': SPY 2024-08-16 560 CALL, 'quantity': -10.0}]",0.0
2024-08-08 09:30:00-04:00,99510.0,99460.0,"[{'asset': SPY 2024-08-16 555 CALL, 'quantity': 10.0}, {'asset': SPY 2024-08-16 560 CALL, 'quantity': -10.0}]",-0.0005022097227802558
2024-08-09 09:30:00-04:00,99540.0,99460.0,"[{'asset': SPY 2024-08-16 555 CALL, 'quantity': 10.0}, {'asset': SPY 2024-08-16 560 CALL, 'quantity': -10.0}]",0.00030147723846840613
2024-08-10 09:30:00-04:00,99490.0,99460.0,"[{'asset': SPY 2024-08-16 555 CALL, 'quantity': 10.0}, {'asset': SPY 2024-08-16 560 CALL, 'quantity': -10.0}]",-0.0005023106288929435
2024-08-10 09:29:00-04:00,99490.0,99460.0,"[{'asset': SPY 2024-08-16 555 CALL, 'quantity': 10.0}, {'asset': SPY 2024-08-16 560 CALL, 'quantity': -10.0}]",0.0
2024-08-12 08:30:00-04:00,99490.0,99460.0,"[{'asset': SPY 2024-08-16 555 CALL, 'quantity': 10.0}, {'asset': SPY 2024-08-16 560 CALL, 'quantity': -10.0}]",0.0
2024-08-12 09:30:00-04:00,99510.0,99460.0,"[{'asset': SPY 2024-08-16 555 CALL, 'quantity': 10.0}, {'asset': SPY 2024-08-16 560 CALL, 'quantity': -10.0}]",0.0002010252286661629
2024-08-12 09:30:00-04:00,99510.0,99460.0,"[{'asset': SPY 2024-08-16 555 CALL, 'quantity': 10.0}, {'asset': SPY 2024-08-16 560 CALL, 'quantity': -10.0}]",0.0
2024-08-13 09:30:00-04:00,99480.0,99460.0,"[{'asset': SPY 2024-08-16 555 CALL, 'quantity': 10.0}, {'asset': SPY 2024-08-16 560 CALL, 'quantity': -10.0}]",-0.00030147723846851715
2024-08-14 09:30:00-04:00,99620.0,99460.0,"[{'asset': SPY 2024-08-16 555 CALL, 'quantity': 10.0}, {'asset': SPY 2024-08-16 560 CALL, 'quantity': -10.0}]",0.0014073180538802799
2024-08-15 09:30:00-04:00,99830.0,99460.0,"[{'asset': SPY 2024-08-16 555 CALL, 'quantity': 10.0}, {'asset': SPY 2024-08-16 560 CALL, 'quantity': -10.0}]",0.0021080104396706822
2024-08-16 09:30:00-04:00,99800.0,99460.0,"[{'asset': SPY 2024-08-16 555 CALL, 'quantity': 10.0}, {'asset': SPY 2024-08-16 560 CALL, 'quantity': -10.0}]",-0.000300510868476378
2024-08-17 09:30:00-04:00,99460.0,99460.0,[],-0.003406813627254479
2024-08-17 09:29:00-04:00,99460.0,99460.0,[],0.0
2024-08-19 08:30:00-04:00,99460.0,99460.0,[],0.0
2024-08-19 09:30:00-04:00,99460.0,99460.0,[],0.0
2024-08-19 09:30:00-04:00,99460.0,99460.0,[],0.0
2024-08-20 09:30:00-04:00,99910.0,96620.0,"[{'asset': SPY 2024-09-20 555 CALL, 'quantity': 10.0}, {'asset': SPY 2024-09-20 560 CALL, 'quantity': -10.0}]",0.0045244319324351245
2024-08-21 09:30:00-04:00,99980.0,96620.0,"[{'asset': SPY 2024-09-20 555 CALL, 'quantity': 10.0}, {'asset': SPY 2024-09-20 560 CALL, 'quantity': -10.0}]",0.000700630567510796
2024-08-22 09:30:00-04:00,100140.0,96620.0,"[{'asset': SPY 2024-09-20 555 CALL, 'quantity': 10.0}, {'asset': SPY 2024-09-20 560 CALL, 'quantity': -10.0}]",0.0016003200640128945
2024-08-23 09:30:00-04:00,99880.0,96620.0,"[{'asset': SPY 2024-09-20 555 CALL, 'quantity': 10.0}, {'asset': SPY 2024-09-20 560 CALL, 'quantity': -10.0}]",-0.0025963650888756185
2024-08-24 09:30:00-04:00,100270.0,96620.0,"[{'asset': SPY 2024-09-20 555 CALL, 'quantity': 10.0}, {'asset': SPY 2024-09-20 560 CALL, 'quantity': -10.0}]",0.0039046856227473725
2024-08-24 09:29:00-04:00,100270.0,96620.0,"[{'asset': SPY 2024-09-20 555 CALL, 'quantity': 10.0}, {'asset': SPY 2024-09-20 560 CALL, 'quantity': -10.0}]",0.0
2024-08-26 08:30:00-04:00,100270.0,96620.0,"[{'asset': SPY 2024-09-20 555 CALL, 'quantity': 10.0}, {'asset': SPY 2024-09-20 560 CALL, 'quantity': -10.0}]",0.0
2024-08-26 09:30:00-04:00,100190.0,96620.0,"[{'asset': SPY 2024-09-20 555 CALL, 'quantity': 10.0}, {'asset': SPY 2024-09-20 560 CALL, 'quantity': -10.0}]",-0.00079784581629605
2024-08-26 09:30:00-04:00,100190.0,96620.0,"[{'asset': SPY 2024-09-20 555 CALL, 'quantity': 10.0}, {'asset': SPY 2024-09-20 560 CALL, 'quantity': -10.0}]",0.0
2024-08-27 09:30:00-04:00,100000.0,96620.0,"[{'asset': SPY 2024-09-20 555 CALL, 'quantity': 10.0}, {'asset': SPY 2024-09-20 560 CALL, 'quantity': -10.0}]",-0.0018963968459926317
2024-08-28 09:30:00-04:00,100360.0,96620.0,"[{'asset': SPY 2024-09-20 555 CALL, 'quantity': 10.0}, {'asset': SPY 2024-09-20 560 CALL, 'quantity': -10.0}]",0.0036000000000000476
2024-08-29 09:30:00-04:00,100020.0,96620.0,"[{'asset': SPY 2024-09-20 555 CALL, 'quantity': 10.0}, {'asset': SPY 2024-09-20 560 CALL, 'quantity': -10.0}]",-0.0033878039059386245
2024-08-30 09:30:00-04:00,100150.0,96620.0,"[{'asset': SPY 2024-09-20 555 CALL, 'quantity': 10.0}, {'asset': SPY 2024-09-20 560 CALL, 'quantity': -10.0}]",0.0012997400519896285
2024-08-31 09:30:00-04:00,100530.0,96620.0,"[{'asset': SPY 2024-09-20 555 CALL, 'quantity': 10.0}, {'asset': SPY 2024-09-20 560 CALL, 'quantity': -10.0}]",0.003794308537194313
2024-08-31 09:29:00-04:00,100530.0,96620.0,"[{'asset': SPY 2024-09-20 555 CALL, 'quantity': 10.0}, {'asset': SPY 2024-09-20 560 CALL, 'quantity': -10.0}]",0.0
2024-09-03 08:30:00-04:00,100530.0,96620.0,"[{'asset': SPY 2024-09-20 555 CALL, 'quantity': 10.0}, {'asset': SPY 2024-09-20 560 CALL, 'quantity': -10.0}]",0.0
2024-09-03 09:30:00-04:00,99970.0,96620.0,"[{'asset': SPY 2024-09-20 555 CALL, 'quantity': 10.0}, {'asset': SPY 2024-09-20 560 CALL, 'quantity': -10.0}]",-0.005570476474684227
2024-09-03 09:30:00-04:00,99970.0,96620.0,"[{'asset': SPY 2024-09-20 555 CALL, 'quantity': 10.0}, {'asset': SPY 2024-09-20 560 CALL, 'quantity': -10.0}]",0.0
2024-09-04 09:30:00-04:00,98960.0,96620.0,"[{'asset': SPY 2024-09-20 555 CALL, 'quantity': 10.0}, {'asset': SPY 2024-09-20 560 CALL, 'quantity': -10.0}]",-0.010103030909272781
2024-09-05 09:30:00-04:00,98960.0,96620.0,"[{'asset': SPY 2024-09-20 555 CALL, 'quantity': 10.0}, {'asset': SPY 2024-09-20 560 CALL, 'quantity': -10.0}]",0.0
2024-09-06 09:30:00-04:00,98620.0,96620.0,"[{'asset': SPY 2024-09-20 555 CALL, 'quantity': 10.0}, {'asset': SPY 2024-09-20 560 CALL, 'quantity': -10.0}]",-0.0034357316087307854
2024-09-07 09:30:00-04:00,97600.0,96620.0,"[{'asset': SPY 2024-09-20 555 CALL, 'quantity': 10.0}, {'asset': SPY 2024-09-20 560 CALL, 'quantity': -10.0}]",-0.010342729669438278
2024-09-07 09:29:00-04:00,97600.0,96620.0,"[{'asset': SPY 2024-09-20 555 CALL, 'quantity': 10.0}, {'asset': SPY 2024-09-20 560 CALL, 'quantity': -10.0}]",0.0
2024-09-09 08:30:00-04:00,97600.0,96620.0,"[{'asset': SPY 2024-09-20 555 CALL, 'quantity': 10.0}, {'asset': SPY 2024-09-20 560 CALL, 'quantity': -10.0}]",0.0
2024-09-09 09:30:00-04:00,97960.0,96620.0,"[{'asset': SPY 2024-09-20 555 CALL, 'quantity': 10.0}, {'asset': SPY 2024-09-20 560 CALL, 'quantity': -10.0}]",0.0036885245901638886
2024-09-09 09:30:00-04:00,97960.0,96620.0,"[{'asset': SPY 2024-09-20 555 CALL, 'quantity': 10.0}, {'asset': SPY 2024-09-20 560 CALL, 'quantity': -10.0}]",0.0
2024-09-10 09:30:00-04:00,98350.0,96620.0,"[{'asset': SPY 2024-09-20 555 CALL, 'quantity': 10.0}, {'asset': SPY 2024-09-20 560 CALL, 'quantity': -10.0}]",0.00398121682319319
2024-09-11 09:30:00-04:00,98240.0,96620.0,"[{'asset': SPY 2024-09-20 555 CALL, 'quantity': 10.0}, {'asset': SPY 2024-09-20 560 CALL, 'quantity': -10.0}]",-0.0011184544992374201
2024-09-12 09:30:00-04:00,99150.0,96620.0,"[{'asset': SPY 2024-09-20 555 CALL, 'quantity': 10.0}, {'asset': SPY 2024-09-20 560 CALL, 'quantity': -10.0}]",0.009263029315961013
2024-09-13 09:30:00-04:00,99820.0,96620.0,"[{'asset': SPY 2024-09-20 555 CALL, 'quantity': 10.0}, {'asset': SPY 2024-09-20 560 CALL, 'quantity': -10.0}]",0.006757438224911816
2024-09-14 09:30:00-04:00,100180.0,96620.0,"[{'asset': SPY 2024-09-20 555 CALL, 'quantity': 10.0}, {'asset': SPY 2024-09-20 560 CALL, 'quantity': -10.0}]",0.0036064916850331308
2024-09-14 09:29:00-04:00,100180.0,96620.0,"[{'asset': SPY 2024-09-20 555 CALL, 'quantity': 10.0}, {'asset': SPY 2024-09-20 560 CALL, 'quantity': -10.0}]",0.0
2024-09-16 08:30:00-04:00,100180.0,96620.0,"[{'asset': SPY 2024-09-20 555 CALL, 'quantity': 10.0}, {'asset': SPY 2024-09-20 560 CALL, 'quantity': -10.0}]",0.0
2024-09-16 09:30:00-04:00,100450.0,96620.0,"[{'asset': SPY 2024-09-20 555 CALL, 'quantity': 10.0}, {'asset': SPY 2024-09-20 560 CALL, 'quantity': -10.0}]",0.002695148732281938
2024-09-16 09:30:00-04:00,100450.0,96620.0,"[{'asset': SPY 2024-09-20 555 CALL, 'quantity': 10.0}, {'asset': SPY 2024-09-20 560 CALL, 'quantity': -10.0}]",0.0
2024-09-17 09:30:00-04:00,100830.0,96620.0,"[{'asset': SPY 2024-09-20 555 CALL, 'quantity': 10.0}, {'asset': SPY 2024-09-20 560 CALL, 'quantity': -10.0}]",0.003782976605276156
2024-09-18 09:30:00-04:00,100380.0,96620.0,"[{'asset': SPY 2024-09-20 555 CALL, 'quantity': 10.0}, {'asset': SPY 2024-09-20 560 CALL, 'quantity': -10.0}]",-0.00446295745313896
2024-09-19 09:30:00-04:00,103680.0,96620.0,"[{'asset': SPY 2024-09-20 555 CALL, 'quantity': 10.0}, {'asset': SPY 2024-09-20 560 CALL, 'quantity': -10.0}]",0.03287507471607887
2024-09-20 09:30:00-04:00,101520.0,96620.0,"[{'asset': SPY 2024-09-20 555 CALL, 'quantity': 10.0}, {'asset': SPY 2024-09-20 560 CALL, 'quantity': -10.0}]",-0.02083333333333337
2024-09-21 09:30:00-04:00,101620.0,101620.0,[],0.0009850275807723463
2024-09-21 09:29:00-04:00,101620.0,101620.0,[],0.0
2024-09-23 08:30:00-04:00,101620.0,101620.0,[],0.0
2024-09-23 09:30:00-04:00,101620.0,101620.0,[],0.0
2024-09-23 09:30:00-04:00,101620.0,101620.0,[],0.0
2024-09-24 09:30:00-04:00,101800.0,98760.0,"[{'asset': SPY 2024-10-18 570 CALL, 'quantity': 10.0}, {'asset': SPY 2024-10-18 575 CALL, 'quantity': -10.0}]",0.0017713048612477689
2024-09-25 09:30:00-04:00,101740.0,98760.0,"[{'asset': SPY 2024-10-18 570 CALL, 'quantity': 10.0}, {'asset': SPY 2024-10-18 575 CALL, 'quantity': -10.0}]",-0.0005893909626718541
2024-09-26 09:30:00-04:00,101770.0,98760.0,"[{'asset': SPY 2024-10-18 570 CALL, 'quantity': 10.0}, {'asset': SPY 2024-10-18 575 CALL, 'quantity': -10.0}]",0.00029486927462163415
2024-09-27 09:30:00-04:00,101970.0,98760.0,"[{'asset': SPY 2024-10-18 570 CALL, 'quantity': 10.0}, {'asset': SPY 2024-10-18 575 CALL, 'quantity': -10.0}]",0.0019652156824212508
2024-09-28 09:30:00-04:00,101810.0,98760.0,"[{'asset': SPY 2024-10-18 570 CALL, 'quantity': 10.0}, {'asset': SPY 2024-10-18 575 CALL, 'quantity': -10.0}]",-0.0015690889477297798
2024-09-28 09:29:00-04:00,101810.0,98760.0,"[{'asset': SPY 2024-10-18 570 CALL, 'quantity': 10.0}, {'asset': SPY 2024-10-18 575 CALL, 'quantity': -10.0}]",0.0
2024-09-30 08:30:00-04:00,101810.0,98760.0,"[{'asset': SPY 2024-10-18 570 CALL, 'quantity': 10.0}, {'asset': SPY 2024-10-18 575 CALL, 'quantity': -10.0}]",0.0
2024-09-30 09:30:00-04:00,101670.0,98760.0,"[{'asset': SPY 2024-10-18 570 CALL, 'quantity': 10.0}, {'asset': SPY 2024-10-18 575 CALL, 'quantity': -10.0}]",-0.0013751104999508712
2024-09-30 09:30:00-04:00,101670.0,98760.0,"[{'asset': SPY 2024-10-18 570 CALL, 'quantity': 10.0}, {'asset': SPY 2024-10-18 575 CALL, 'quantity': -10.0}]",0.0
2024-10-01 09:30:00-04:00,101980.0,98760.0,"[{'asset': SPY 2024-10-18 570 CALL, 'quantity': 10.0}, {'asset': SPY 2024-10-18 575 CALL, 'quantity': -10.0}]",0.0030490803580209835
2024-10-02 09:30:00-04:00,101320.0,98760.0,"[{'asset': SPY 2024-10-18 570 CALL, 'quantity': 10.0}, {'asset': SPY 2024-10-18 575 CALL, 'quantity': -10.0}]",-0.0064718572269072405
2024-10-03 09:30:00-04:00,101300.0,98760.0,"[{'asset': SPY 2024-10-18 570 CALL, 'quantity': 10.0}, {'asset': SPY 2024-10-18 575 CALL, 'quantity': -10.0}]",-0.00019739439399923953
2024-10-04 09:30:00-04:00,102130.0,98760.0,"[{'asset': SPY 2024-10-18 570 CALL, 'quantity': 10.0}, {'asset': SPY 2024-10-18 575 CALL, 'quantity': -10.0}]",0.008193484698914011
2024-10-05 09:30:00-04:00,101940.0,98760.0,"[{'asset': SPY 2024-10-18 570 CALL, 'quantity': 10.0}, {'asset': SPY 2024-10-18 575 CALL, 'quantity': -10.0}]",-0.0018603740330950247
2024-10-05 09:29:00-04:00,101940.0,98760.0,"[{'asset': SPY 2024-10-18 570 CALL, 'quantity': 10.0}, {'asset': SPY 2024-10-18 575 CALL, 'quantity': -10.0}]",0.0
2024-10-07 08:30:00-04:00,101940.0,98760.0,"[{'asset': SPY 2024-10-18 570 CALL, 'quantity': 10.0}, {'asset': SPY 2024-10-18 575 CALL, 'quantity': -10.0}]",0.0
2024-10-07 09:30:00-04:00,101690.0,98760.0,"[{'asset': SPY 2024-10-18 570 CALL, 'quantity': 10.0}, {'asset': SPY 2024-10-18 575 CALL, 'quantity': -10.0}]",-0.002452422993918013
2024-10-07 09:30:00-04:00,101690.0,98760.0,"[{'asset': SPY 2024-10-18 570 CALL, 'quantity': 10.0}, {'asset': SPY 2024-10-18 575 CALL, 'quantity': -10.0}]",0.0
2024-10-08 09:30:00-04:00,101550.0,98760.0,"[{'asset': SPY 2024-10-18 570 CALL, 'quantity': 10.0}, {'asset': SPY 2024-10-18 575 CALL, 'quantity': -10.0}]",-0.001376733208771741
2024-10-09 09:30:00-04:00,101860.0,98760.0,"[{'asset': SPY 2024-10-18 570 CALL, 'quantity': 10.0}, {'asset': SPY 2024-10-18 575 CALL, 'quantity': -10.0}]",0.003052683407188672
2024-10-10 09:30:00-04:00,102120.0,98760.0,"[{'asset': SPY 2024-10-18 570 CALL, 'quantity': 10.0}, {'asset': SPY 2024-10-18 575 CALL, 'quantity': -10.0}]",0.002552523070881607
2024-10-11 09:30:00-04:00,102390.0,98760.0,"[{'asset': SPY 2024-10-18 570 CALL, 'quantity': 10.0}, {'asset': SPY 2024-10-18 575 CALL, 'quantity': -10.0}]",0.002643948296122245
2024-10-12 09:30:00-04:00,102910.0,98760.0,"[{'asset': SPY 2024-10-18 570 CALL, 'quantity': 10.0}, {'asset': SPY 2024-10-18 575 CALL, 'quantity': -10.0}]",0.005078620959078073
2024-10-12 09:29:00-04:00,102910.0,98760.0,"[{'asset': SPY 2024-10-18 570 CALL, 'quantity': 10.0}, {'asset': SPY 2024-10-18 575 CALL, 'quantity': -10.0}]",0.0
2024-10-14 08:30:00-04:00,102910.0,98760.0,"[{'asset': SPY 2024-10-18 570 CALL, 'quantity': 10.0}, {'asset': SPY 2024-10-18 575 CALL, 'quantity': -10.0}]",0.0
2024-10-14 09:30:00-04:00,103160.0,98760.0,"[{'asset': SPY 2024-10-18 570 CALL, 'quantity': 10.0}, {'asset': SPY 2024-10-18 575 CALL, 'quantity': -10.0}]",0.002429307161597505
2024-10-14 09:30:00-04:00,103160.0,98760.0,"[{'asset': SPY 2024-10-18 570 CALL, 'quantity': 10.0}, {'asset': SPY 2024-10-18 575 CALL, 'quantity': -10.0}]",0.0
2024-10-15 09:30:00-04:00,103400.0,98760.0,"[{'asset': SPY 2024-10-18 570 CALL, 'quantity': 10.0}, {'asset': SPY 2024-10-18 575 CALL, 'quantity': -10.0}]",0.0023264831329972147
2024-10-16 09:30:00-04:00,103120.0,98760.0,"[{'asset': SPY 2024-10-18 570 CALL, 'quantity': 10.0}, {'asset': SPY 2024-10-18 575 CALL, 'quantity': -10.0}]",-0.0027079303675048294
2024-10-17 09:30:00-04:00,103620.0,98760.0,"[{'asset': SPY 2024-10-18 570 CALL, 'quantity': 10.0}, {'asset': SPY 2024-10-18 575 CALL, 'quantity': -10.0}]",0.004848719937936341
2024-10-18 09:30:00-04:00,103600.0,98760.0,"[{'asset': SPY 2024-10-18 570 CALL, 'quantity': 10.0}, {'asset': SPY 2024-10-18 575 CALL, 'quantity': -10.0}]",-0.0001930129318664653
2024-10-19 09:30:00-04:00,103760.0,103760.0,[],0.001544401544401497
2024-10-19 09:29:00-04:00,103760.0,103760.0,[],0.0
2024-10-21 08:30:00-04:00,103760.0,103760.0,[],0.0
2024-10-21 09:30:00-04:00,103760.0,103760.0,[],0.0
2024-10-21 09:30:00-04:00,103760.0,103760.0,[],0.0
2024-10-22 09:30:00-04:00,103550.0,100900.0,"[{'asset': SPY 2024-11-15 585 CALL, 'quantity': 10.0}, {'asset': SPY 2024-11-15 590 CALL, 'quantity': -10.0}]",-0.002023901310717058
2024-10-23 09:30:00-04:00,103430.0,100900.0,"[{'asset': SPY 2024-11-15 585 CALL, 'quantity': 10.0}, {'asset': SPY 2024-11-15 590 CALL, 'quantity': -10.0}]",-0.0011588604538870229
2024-10-24 09:30:00-04:00,103320.0,100900.0,"[{'asset': SPY 2024-11-15 585 CALL, 'quantity': 10.0}, {'asset': SPY 2024-11-15 590 CALL, 'quantity': -10.0}]",-0.0010635212220825307
2024-10-25 09:30:00-04:00,103440.0,100900.0,"[{'asset': SPY 2024-11-15 585 CALL, 'quantity': 10.0}, {'asset': SPY 2024-11-15 590 CALL, 'quantity': -10.0}]",0.0011614401858304202
2024-10-26 09:30:00-04:00,103190.0,100900.0,"[{'asset': SPY 2024-11-15 585 CALL, 'quantity': 10.0}, {'asset': SPY 2024-11-15 590 CALL, 'quantity': -10.0}]",-0.0024168600154679254
2024-10-26 09:29:00-04:00,103190.0,100900.0,"[{'asset': SPY 2024-11-15 585 CALL, 'quantity': 10.0}, {'asset': SPY 2024-11-15 590 CALL, 'quantity': -10.0}]",0.0
2024-10-28 08:30:00-04:00,103190.0,100900.0,"[{'asset': SPY 2024-11-15 585 CALL, 'quantity': 10.0}, {'asset': SPY 2024-11-15 590 CALL, 'quantity': -10.0}]",0.0
2024-10-28 09:30:00-04:00,103590.0,100900.0,"[{'asset': SPY 2024-11-15 585 CALL, 'quantity': 10.0}, {'asset': SPY 2024-11-15 590 CALL, 'quantity': -10.0}]",0.0038763446070355645
2024-10-28 09:30:00-04:00,103590.0,100900.0,"[{'asset': SPY 2024-11-15 585 CALL, 'quantity': 10.0}, {'asset': SPY 2024-11-15 590 CALL, 'quantity': -10.0}]",0.0
2024-10-29 09:30:00-04:00,103240.0,100900.0,"[{'asset': SPY 2024-11-15 585 CALL, 'quantity': 10.0}, {'asset': SPY 2024-11-15 590 CALL, 'quantity': -10.0}]",-0.0033787045081571376
2024-10-30 09:30:00-04:00,103400.0,100900.0,"[{'asset': SPY 2024-11-15 585 CALL, 'quantity': 10.0}, {'asset': SPY 2024-11-15 590 CALL, 'quantity': -10.0}]",0.0015497869043006318
2024-10-31 09:30:00-04:00,102870.0,100900.0,"[{'asset': SPY 2024-11-15 585 CALL, 'quantity': 10.0}, {'asset': SPY 2024-11-15 590 CALL, 'quantity': -10.0}]",-0.005125725338491316
2024-11-01 09:30:00-04:00,102250.0,100900.0,"[{'asset': SPY 2024-11-15 585 CALL, 'quantity': 10.0}, {'asset': SPY 2024-11-15 590 CALL, 'quantity': -10.0}]",-0.006027024399727798
2024-11-02 09:30:00-04:00,102390.0,100900.0,"[{'asset': SPY 2024-11-15 585 CALL, 'quantity': 10.0}, {'asset': SPY 2024-11-15 590 CALL, 'quantity': -10.0}]",0.001369193154034276
2024-11-02 09:29:00-04:00,102390.0,100900.0,"[{'asset': SPY 2024-11-15 585 CALL, 'quantity': 10.0}, {'asset': SPY 2024-11-15 590 CALL, 'quantity': -10.0}]",0.0
2024-11-04 08:30:00-05:00,102390.0,100900.0,"[{'asset': SPY 2024-11-15 585 CALL, 'quantity': 10.0}, {'asset': SPY 2024-11-15 590 CALL, 'quantity': -10.0}]",0.0
2024-11-04 09:30:00-05:00,102290.0,100900.0,"[{'asset': SPY 2024-11-15 585 CALL, 'quantity': 10.0}, {'asset': SPY 2024-11-15 590 CALL, 'quantity': -10.0}]",-0.0009766578767457235
2024-11-04 09:30:00-05:00,102290.0,100900.0,"[{'asset': SPY 2024-11-15 585 CALL, 'quantity': 10.0}, {'asset': SPY 2024-11-15 590 CALL, 'quantity': -10.0}]",0.0
2024-11-05 09:30:00-05:00,102170.0,100900.0,"[{'asset': SPY 2024-11-15 585 CALL, 'quantity': 10.0}, {'asset': SPY 2024-11-15 590 CALL, 'quantity': -10.0}]",-0.0011731352038322207
2024-11-06 09:30:00-05:00,104120.0,100900.0,"[{'asset': SPY 2024-11-15 585 CALL, 'quantity': 10.0}, {'asset': SPY 2024-11-15 590 CALL, 'quantity': -10.0}]",0.01908583732994029
2024-11-07 09:30:00-05:00,104600.0,100900.0,"[{'asset': SPY 2024-11-15 585 CALL, 'quantity': 10.0}, {'asset': SPY 2024-11-15 590 CALL, 'quantity': -10.0}]",0.004610065309258449
2024-11-08 09:30:00-05:00,105260.0,100900.0,"[{'asset': SPY 2024-11-15 585 CALL, 'quantity': 10.0}, {'asset': SPY 2024-11-15 590 CALL, 'quantity': -10.0}]",0.00630975143403445
2024-11-09 09:30:00-05:00,105380.0,100900.0,"[{'asset': SPY 2024-11-15 585 CALL, 'quantity': 10.0}, {'asset': SPY 2024-11-15 590 CALL, 'quantity': -10.0}]",0.0011400342010259301
2024-11-09 09:29:00-05:00,105380.0,100900.0,"[{'asset': SPY 2024-11-15 585 CALL, 'quantity': 10.0}, {'asset': SPY 2024-11-15 590 CALL, 'quantity': -10.0}]",0.0
2024-11-11 08:30:00-05:00,105380.0,100900.0,"[{'asset': SPY 2024-11-15 585 CALL, 'quantity': 10.0}, {'asset': SPY 2024-11-15 590 CALL, 'quantity': -10.0}]",0.0
2024-11-11 09:30:00-05:00,105390.0,100900.0,"[{'asset': SPY 2024-11-15 585 CALL, 'quantity': 10.0}, {'asset': SPY 2024-11-15 590 CALL, 'quantity': -10.0}]",9.489466691969817e-05
2024-11-11 09:30:00-05:00,105390.0,100900.0,"[{'asset': SPY 2024-11-15 585 CALL, 'quantity': 10.0}, {'asset': SPY 2024-11-15 590 CALL, 'quantity': -10.0}]",0.0
2024-11-12 09:30:00-05:00,105360.0,100900.0,"[{'asset': SPY 2024-11-15 585 CALL, 'quantity': 10.0}, {'asset': SPY 2024-11-15 590 CALL, 'quantity': -10.0}]",-0.000284656988329024
2024-11-13 09:30:00-05:00,105540.0,100900.0,"[{'asset': SPY 2024-11-15 585 CALL, 'quantity': 10.0}, {'asset': SPY 2024-11-15 590 CALL, 'quantity': -10.0}]",0.0017084282460135825
2024-11-14 09:30:00-05:00,105670.0,100900.0,"[{'asset': SPY 2024-11-15 585 CALL, 'quantity': 10.0}, {'asset': SPY 2024-11-15 590 CALL, 'quantity': -10.0}]",0.0012317604699640938
2024-11-15 09:30:00-05:00,104610.0,100900.0,"[{'asset': SPY 2024-11-15 585 CALL, 'quantity': 10.0}, {'asset': SPY 2024-11-15 590 CALL, 'quantity': -10.0}]",-0.010031229298760325
2024-11-16 09:30:00-05:00,101659.99999999999,101659.99999999999,[],-0.02819998088136899
2024-11-16 09:29:00-05:00,101659.99999999999,101659.99999999999,[],0.0
2024-11-18 08:30:00-05:00,101659.99999999999,101659.99999999999,[],0.0
2024-11-18 09:30:00-05:00,101659.99999999999,101659.99999999999,[],0.0
2024-11-18 09:30:00-05:00,101659.99999999999,101659.99999999999,[],0.0
2024-11-19 09:30:00-05:00,101479.99999999999,98589.99999999999,"[{'asset': SPY 2024-12-20 585 CALL, 'quantity': 10.0}, {'asset': SPY 2024-12-20 590 CALL, 'quantity': -10.0}]",-0.0017706079087153048
2024-11-20 09:30:00-05:00,101779.99999999999,98589.99999999999,"[{'asset': SPY 2024-12-20 585 CALL, 'quantity': 10.0}, {'asset': SPY 2024-12-20 590 CALL, 'quantity': -10.0}]",0.002956247536460399
2024-11-21 09:30:00-05:00,102219.99999999999,98589.99999999999,"[{'asset': SPY 2024-12-20 585 CALL, 'quantity': 10.0}, {'asset': SPY 2024-12-20 590 CALL, 'quantity': -10.0}]",0.004323049715071692
2024-11-22 09:30:00-05:00,102189.99999999999,98589.99999999999,"[{'asset': SPY 2024-12-20 585 CALL, 'quantity': 10.0}, {'asset': SPY 2024-12-20 590 CALL, 'quantity': -10.0}]",-0.0002934846409704539
2024-11-23 09:30:00-05:00,102679.99999999999,98589.99999999999,"[{'asset': SPY 2024-12-20 585 CALL, 'quantity': 10.0}, {'asset': SPY 2024-12-20 590 CALL, 'quantity': -10.0}]",0.004794989725022125
2024-11-23 09:29:00-05:00,102679.99999999999,98589.99999999999,"[{'asset': SPY 2024-12-20 585 CALL, 'quantity': 10.0}, {'asset': SPY 2024-12-20 590 CALL, 'quantity': -10.0}]",0.0
2024-11-25 08:30:00-05:00,102679.99999999999,98589.99999999999,"[{'asset': SPY 2024-12-20 585 CALL, 'quantity': 10.0}, {'asset': SPY 2024-12-20 590 CALL, 'quantity': -10.0}]",0.0
2024-11-25 09:30:00-05:00,103369.99999999999,98589.99999999999,"[{'asset': SPY 2024-12-20 585 CALL, 'quantity': 10.0}, {'asset': SPY 2024-12-20 590 CALL, 'quantity': -10.0}]",0.006719906505648687
2024-11-25 09:30:00-05:00,103369.99999999999,98589.99999999999,"[{'asset': SPY 2024-12-20 585 CALL, 'quantity': 10.0}, {'asset': SPY 2024-12-20 590 CALL, 'quantity': -10.0}]",0.0
2024-11-26 09:30:00-05:00,101849.99999999999,98589.99999999999,"[{'asset': SPY 2024-12-20 585 CALL, 'quantity': 10.0}, {'asset': SPY 2024-12-20 590 CALL, 'quantity': -10.0}]",-0.014704459707845619
2024-11-27 09:30:00-05:00,102929.99999999999,98589.99999999999,"[{'asset': SPY 2024-12-20 585 CALL, 'quantity': 10.0}, {'asset': SPY 2024-12-20 590 CALL, 'quantity': -10.0}]",0.010603829160530154
2024-11-28 09:30:00-05:00,102869.99999999999,98589.99999999999,"[{'asset': SPY 2024-12-20 585 CALL, 'quantity': 10.0}, {'asset': SPY 2024-12-20 590 CALL, 'quantity': -10.0}]",-0.0005829204313611003
2024-11-28 09:29:00-05:00,102869.99999999999,98589.99999999999,"[{'asset': SPY 2024-12-20 585 CALL, 'quantity': 10.0}, {'asset': SPY 2024-12-20 590 CALL, 'quantity': -10.0}]",0.0
2024-11-29 08:30:00-05:00,102869.99999999999,98589.99999999999,"[{'asset': SPY 2024-12-20 585 CALL, 'quantity': 10.0}, {'asset': SPY 2024-12-20 590 CALL, 'quantity': -10.0}]",0.0
2024-11-29 09:30:00-05:00,102549.99999999999,98589.99999999999,"[{'asset': SPY 2024-12-20 585 CALL, 'quantity': 10.0}, {'asset': SPY 2024-12-20 590 CALL, 'quantity': -10.0}]",-0.003110722270827204
2024-11-29 09:30:00-05:00,102549.99999999999,98589.99999999999,"[{'asset': SPY 2024-12-20 585 CALL, 'quantity': 10.0}, {'asset': SPY 2024-12-20 590 CALL, 'quantity': -10.0}]",0.0
2024-11-30 09:30:00-05:00,103179.99999999999,98589.99999999999,"[{'asset': SPY 2024-12-20 585 CALL, 'quantity': 10.0}, {'asset': SPY 2024-12-20 590 CALL, 'quantity': -10.0}]",0.006143344709897525
2024-11-30 09:29:00-05:00,103179.99999999999,98589.99999999999,"[{'asset': SPY 2024-12-20 585 CALL, 'quantity': 10.0}, {'asset': SPY 2024-12-20 590 CALL, 'quantity': -10.0}]",0.0
2024-12-02 08:30:00-05:00,103179.99999999999,98589.99999999999,"[{'asset': SPY 2024-12-20 585 CALL, 'quantity': 10.0}, {'asset': SPY 2024-12-20 590 CALL, 'quantity': -10.0}]",0.0
2024-12-02 09:30:00-05:00,103649.99999999999,98589.99999999999,"[{'asset': SPY 2024-12-20 585 CALL, 'quantity': 10.0}, {'asset': SPY 2024-12-20 590 CALL, 'quantity': -10.0}]",0.00455514634619103
2024-12-02 09:30:00-05:00,103649.99999999999,98589.99999999999,"[{'asset': SPY 2024-12-20 585 CALL, 'quantity': 10.0}, {'asset': SPY 2024-12-20 590 CALL, 'quantity': -10.0}]",0.0
2024-12-03 09:30:00-05:00,103419.99999999999,98589.99999999999,"[{'asset': SPY 2024-12-20 585 CALL, 'quantity': 10.0}, {'asset': SPY 2024-12-20 590 CALL, 'quantity': -10.0}]",-0.0022190062711047176
2024-12-04 09:30:00-05:00,102019.99999999999,98589.99999999999,"[{'asset': SPY 2024-12-20 585 CALL, 'quantity': 10.0}, {'asset': SPY 2024-12-20 590 CALL, 'quantity': -10.0}]",-0.013537033455811254
2024-12-05 09:30:00-05:00,103539.99999999999,98589.99999999999,"[{'asset': SPY 2024-12-20 585 CALL, 'quantity': 10.0}, {'asset': SPY 2024-12-20 590 CALL, 'quantity': -10.0}]",0.014899039404038472
2024-12-06 09:30:00-05:00,103379.99999999999,98589.99999999999,"[{'asset': SPY 2024-12-20 585 CALL, 'quantity': 10.0}, {'asset': SPY 2024-12-20 590 CALL, 'quantity': -10.0}]",-0.0015452965037666688
2024-12-07 09:30:00-05:00,103259.99999999999,98589.99999999999,"[{'asset': SPY 2024-12-20 585 CALL, 'quantity': 10.0}, {'asset': SPY 2024-12-20 590 CALL, 'quantity': -10.0}]",-0.0011607661056297625
2024-12-07 09:29:00-05:00,103259.99999999999,98589.99999999999,"[{'asset': SPY 2024-12-20 585 CALL, 'quantity': 10.0}, {'asset': SPY 2024-12-20 590 CALL, 'quantity': -10.0}]",0.0
2024-12-09 08:30:00-05:00,103259.99999999999,98589.99999999999,"[{'asset': SPY 2024-12-20 585 CALL, 'quantity': 10.0}, {'asset': SPY 2024-12-20 590 CALL, 'quantity': -10.0}]",0.0
2024-12-09 09:30:00-05:00,103379.99999999999,98589.99999999999,"[{'asset': SPY 2024-12-20 585 CALL, 'quantity': 10.0}, {'asset': SPY 2024-12-20 590 CALL, 'quantity': -10.0}]",0.0011621150493899002
2024-12-09 09:30:00-05:00,103379.99999999999,98589.99999999999,"[{'asset': SPY 2024-12-20 585 CALL, 'quantity': 10.0}, {'asset': SPY 2024-12-20 590 CALL, 'quantity': -10.0}]",0.0
2024-12-10 09:30:00-05:00,103229.99999999999,98589.99999999999,"[{'asset': SPY 2024-12-20 585 CALL, 'quantity': 10.0}, {'asset': SPY 2024-12-20 590 CALL, 'quantity': -10.0}]",-0.0014509576320371753
2024-12-11 09:30:00-05:00,103479.99999999999,98589.99999999999,"[{'asset': SPY 2024-12-20 585 CALL, 'quantity': 10.0}, {'asset': SPY 2024-12-20 590 CALL, 'quantity': -10.0}]",0.0024217766153249443
2024-12-12 09:30:00-05:00,103699.99999999999,98589.99999999999,"[{'asset': SPY 2024-12-20 585 CALL, 'quantity': 10.0}, {'asset': SPY 2024-12-20 590 CALL, 'quantity': -10.0}]",0.00212601468882867
2024-12-13 09:30:00-05:00,103489.99999999999,98589.99999999999,"[{'asset': SPY 2024-12-20 585 CALL, 'quantity': 10.0}, {'asset': SPY 2024-12-20 590 CALL, 'quantity': -10.0}]",-0.002025072324011612
2024-12-14 09:30:00-05:00,102959.99999999999,98589.99999999999,"[{'asset': SPY 2024-12-20 585 CALL, 'quantity': 10.0}, {'asset': SPY 2024-12-20 590 CALL, 'quantity': -10.0}]",-0.005121267755338721
2024-12-14 09:29:00-05:00,102959.99999999999,98589.99999999999,"[{'asset': SPY 2024-12-20 585 CALL, 'quantity': 10.0}, {'asset': SPY 2024-12-20 590 CALL, 'quantity': -10.0}]",0.0
2024-12-16 08:30:00-05:00,102959.99999999999,98589.99999999999,"[{'asset': SPY 2024-12-20 585 CALL, 'quantity': 10.0}, {'asset': SPY 2024-12-20 590 CALL, 'quantity': -10.0}]",0.0
2024-12-16 09:30:00-05:00,102069.99999999999,98589.99999999999,"[{'asset': SPY 2024-12-20 585 CALL, 'quantity': 10.0}, {'asset': SPY 2024-12-20 590 CALL, 'quantity': -10.0}]",-0.008644133644133634
2024-12-16 09:30:00-05:00,102069.99999999999,98589.99999999999,"[{'asset': SPY 2024-12-20 585 CALL, 'quantity': 10.0}, {'asset': SPY 2024-12-20 590 CALL, 'quantity': -10.0}]",0.0
2024-12-17 09:30:00-05:00,103489.99999999999,98589.99999999999,"[{'asset': SPY 2024-12-20 585 CALL, 'quantity': 10.0}, {'asset': SPY 2024-12-20 590 CALL, 'quantity': -10.0}]",0.013912021161947674
2024-12-18 09:30:00-05:00,103219.99999999999,98589.99999999999,"[{'asset': SPY 2024-12-20 585 CALL, 'quantity': 10.0}, {'asset': SPY 2024-12-20 590 CALL, 'quantity': -10.0}]",-0.002608947724417776
2024-12-19 09:30:00-05:00,102849.99999999999,98589.99999999999,"[{'asset': SPY 2024-12-20 585 CALL, 'quantity': 10.0}, {'asset': SPY 2024-12-20 590 CALL, 'quantity': -10.0}]",-0.00358457663243561
2024-12-20 09:30:00-05:00,99459.99999999999,98589.99999999999,"[{'asset': SPY 2024-12-20 585 CALL, 'quantity': 10.0}, {'asset': SPY 2024-12-20 590 CALL, 'quantity': -10.0}]",-0.03296062226543506
2024-12-21 09:30:00-05:00,103589.99999999999,103589.99999999999,[],0.04152423084657153
2024-12-21 09:29:00-05:00,103589.99999999999,103589.99999999999,[],0.0
2024-12-23 08:30:00-05:00,103589.99999999999,103589.99999999999,[],0.0
2024-12-23 09:30:00-05:00,103589.99999999999,103589.99999999999,[],0.0
2024-12-23 09:30:00-05:00,103589.99999999999,103589.99999999999,[],0.0
2024-12-24 09:30:00-05:00,104019.99999999999,100499.99999999999,"[{'asset': SPY 2025-01-17 590 CALL, 'quantity': 10.0}, {'asset': SPY 2025-01-17 595 CALL, 'quantity': -10.0}]",0.004150979824307344
2024-12-25 09:30:00-05:00,104589.99999999999,100499.99999999999,"[{'asset': SPY 2025-01-17 590 CALL, 'quantity': 10.0}, {'asset': SPY 2025-01-17 595 CALL, 'quantity': -10.0}]",0.005479715439338673
2024-12-25 09:29:00-05:00,104589.99999999999,100499.99999999999,"[{'asset': SPY 2025-01-17 590 CALL, 'quantity': 10.0}, {'asset': SPY 2025-01-17 595 CALL, 'quantity': -10.0}]",0.0
2024-12-26 08:30:00-05:00,104589.99999999999,100499.99999999999,"[{'asset': SPY 2025-01-17 590 CALL, 'quantity': 10.0}, {'asset': SPY 2025-01-17 595 CALL, 'quantity': -10.0}]",0.0
2024-12-26 09:30:00-05:00,104279.99999999999,100499.99999999999,"[{'asset': SPY 2025-01-17 590 CALL, 'quantity': 10.0}, {'asset': SPY 2025-01-17 595 CALL, 'quantity': -10.0}]",-0.0029639544889569214
2024-12-26 09:30:00-05:00,104279.99999999999,100499.99999999999,"[{'asset': SPY 2025-01-17 590 CALL, 'quantity': 10.0}, {'asset': SPY 2025-01-17 595 CALL, 'quantity': -10.0}]",0.0
2024-12-27 09:30:00-05:00,104279.99999999999,100499.99999999999,"[{'asset': SPY 2025-01-17 590 CALL, 'quantity': 10.0}, {'asset': SPY 2025-01-17 595 CALL, 'quantity': -10.0}]",0.0
2024-12-28 09:30:00-05:00,104019.99999999999,100499.99999999999,"[{'asset': SPY 2025-01-17 590 CALL, 'quantity': 10.0}, {'asset': SPY 2025-01-17 595 CALL, 'quantity': -10.0}]",-0.002493287303413916
2024-12-28 09:29:00-05:00,104019.99999999999,100499.99999999999,"[{'asset': SPY 2025-01-17 590 CALL, 'quantity': 10.0}, {'asset': SPY 2025-01-17 595 CALL, 'quantity': -10.0}]",0.0
