datetime,portfolio_value,cash,positions,return
2024-01-02 08:30:00-05:00,100000.0,100000.0,[],
2024-01-02 09:30:00-05:00,100000.0,100000.0,[],0.0
2024-01-02 09:30:00-05:00,100000.0,100000.0,[],0.0
2024-01-03 09:30:00-05:00,100000.0,100000.0,[],0.0
2024-01-04 09:30:00-05:00,100000.0,100000.0,[],0.0
2024-01-05 09:30:00-05:00,100000.0,100000.0,[],0.0
2024-01-06 09:30:00-05:00,100000.0,100000.0,[],0.0
2024-01-06 09:29:00-05:00,100000.0,100000.0,[],0.0
2024-01-08 08:30:00-05:00,100000.0,100000.0,[],0.0
2024-01-08 09:30:00-05:00,100000.0,100000.0,[],0.0
2024-01-08 09:30:00-05:00,100000.0,100000.0,[],0.0
2024-01-09 09:30:00-05:00,99631.91973876953,150122.0092163086,"[{'asset': SPY, 'quantity': -107.0}]",-0.0036808026123046345
2024-01-10 09:30:00-05:00,99386.88882446289,150122.0092163086,"[{'asset': SPY, 'quantity': -107.0}]",-0.00245936156754889
2024-01-11 09:30:00-05:00,99019.8796081543,150122.0092163086,"[{'asset': SPY, 'quantity': -107.0}]",-0.00369273272007542
2024-01-12 09:30:00-05:00,98993.1296081543,150122.0092163086,"[{'asset': SPY, 'quantity': -107.0}]",-0.00027014777341538565
2024-01-13 09:30:00-05:00,98993.1296081543,150122.0092163086,"[{'asset': SPY, 'quantity': -107.0}]",0.0
2024-01-13 09:29:00-05:00,98993.1296081543,150122.0092163086,"[{'asset': SPY, 'quantity': -107.0}]",0.0
2024-01-16 08:30:00-05:00,99269.18817138672,150122.0092163086,"[{'asset': SPY, 'quantity': -107.0}]",0.0027886638630898464
2024-01-16 09:30:00-05:00,99269.18817138672,150122.0092163086,"[{'asset': SPY, 'quantity': -107.0}]",0.0
2024-01-16 09:30:00-05:00,99269.18817138672,150122.0092163086,"[{'asset': SPY, 'quantity': -107.0}]",0.0
2024-01-17 09:30:00-05:00,99637.26843261719,150122.0092163086,"[{'asset': SPY, 'quantity': -107.0}]",0.003707900386925589
2024-01-18 09:30:00-05:00,99054.72778320312,225141.39038085938,"[{'asset': SPY, 'quantity': -266.0}]",-0.00584661400877351
2024-01-19 09:30:00-05:00,98086.49200439453,225141.39038085938,"[{'asset': SPY, 'quantity': -266.0}]",-0.009774755839294547
2024-01-20 09:30:00-05:00,98086.49200439453,225141.39038085938,"[{'asset': SPY, 'quantity': -266.0}]",0.0
2024-01-20 09:29:00-05:00,98086.49200439453,225141.39038085938,"[{'asset': SPY, 'quantity': -266.0}]",0.0
2024-01-22 08:30:00-05:00,96394.72778320312,225141.39038085938,"[{'asset': SPY, 'quantity': -266.0}]",-0.01724767790773485
2024-01-22 09:30:00-05:00,96394.72778320312,225141.39038085938,"[{'asset': SPY, 'quantity': -266.0}]",0.0
2024-01-22 09:30:00-05:00,96394.72778320312,225141.39038085938,"[{'asset': SPY, 'quantity': -266.0}]",0.0
2024-01-23 09:30:00-05:00,96394.72778320312,225141.39038085938,"[{'asset': SPY, 'quantity': -266.0}]",0.0
2024-01-24 09:30:00-05:00,95383.93103027344,225141.39038085938,"[{'asset': SPY, 'quantity': -266.0}]",-0.01048601698635454
2024-01-25 09:30:00-05:00,95445.11395263672,225141.39038085938,"[{'asset': SPY, 'quantity': -266.0}]",0.0006414384656034944
2024-01-26 09:30:00-05:00,95442.45135498047,225141.39038085938,"[{'asset': SPY, 'quantity': -266.0}]",-2.7896636569324507e-05
2024-01-27 09:30:00-05:00,95442.45135498047,225141.39038085938,"[{'asset': SPY, 'quantity': -266.0}]",0.0
2024-01-27 09:29:00-05:00,95442.45135498047,225141.39038085938,"[{'asset': SPY, 'quantity': -266.0}]",0.0
2024-01-29 08:30:00-05:00,95405.2074584961,225141.39038085938,"[{'asset': SPY, 'quantity': -266.0}]",-0.00039022359501073023
2024-01-29 09:30:00-05:00,95405.2074584961,225141.39038085938,"[{'asset': SPY, 'quantity': -266.0}]",0.0
2024-01-29 09:30:00-05:00,95405.2074584961,225141.39038085938,"[{'asset': SPY, 'quantity': -266.0}]",0.0
2024-01-30 09:30:00-05:00,94652.43103027344,225141.39038085938,"[{'asset': SPY, 'quantity': -266.0}]",-0.007890307544796582
2024-01-31 09:30:00-05:00,95168.4716796875,225141.39038085938,"[{'asset': SPY, 'quantity': -266.0}]",0.005451953465928527
2024-02-01 09:30:00-05:00,96229.80908203125,225141.39038085938,"[{'asset': SPY, 'quantity': -266.0}]",0.011152195507730056
2024-02-02 09:30:00-05:00,94894.49200439453,225141.39038085938,"[{'asset': SPY, 'quantity': -266.0}]",-0.013876335102134818
2024-02-03 09:30:00-05:00,93742.93048095705,93742.93048095705,[],-0.012135177702243816
2024-02-03 09:29:00-05:00,93742.93048095705,93742.93048095705,[],0.0
2024-02-05 08:30:00-05:00,93742.93048095705,93742.93048095705,[],0.0
2024-02-05 09:30:00-05:00,93742.93048095705,93742.93048095705,[],0.0
2024-02-05 09:30:00-05:00,93742.93048095705,93742.93048095705,[],0.0
2024-02-06 09:30:00-05:00,93742.93048095705,93742.93048095705,[],0.0
2024-02-07 09:30:00-05:00,93742.93048095705,93742.93048095705,[],0.0
2024-02-08 09:30:00-05:00,93742.93048095705,93742.93048095705,[],0.0
2024-02-09 09:30:00-05:00,93742.93048095705,93742.93048095705,[],0.0
2024-02-10 09:30:00-05:00,93742.93048095705,93742.93048095705,[],0.0
2024-02-10 09:29:00-05:00,93742.93048095705,93742.93048095705,[],0.0
2024-02-12 08:30:00-05:00,93742.93048095705,93742.93048095705,[],0.0
2024-02-12 09:30:00-05:00,93742.93048095705,93742.93048095705,[],0.0
2024-02-12 09:30:00-05:00,93742.93048095705,93742.93048095705,[],0.0
2024-02-13 09:30:00-05:00,93118.76910400392,46632.949218750015,"[{'asset': SPY, 'quantity': 94.0}]",-0.006658223438832156
2024-02-14 09:30:00-05:00,93331.21002197267,46632.949218750015,"[{'asset': SPY, 'quantity': 94.0}]",0.0022813974026167916
2024-02-15 09:30:00-05:00,93566.21002197267,46632.949218750015,"[{'asset': SPY, 'quantity': 94.0}]",0.0025179144248175245
2024-02-16 09:30:00-05:00,93792.75036621095,46632.949218750015,"[{'asset': SPY, 'quantity': 94.0}]",0.0024211768776898346
2024-02-17 09:30:00-05:00,93792.75036621095,46632.949218750015,"[{'asset': SPY, 'quantity': 94.0}]",0.0
2024-02-17 09:29:00-05:00,93792.75036621095,46632.949218750015,"[{'asset': SPY, 'quantity': 94.0}]",0.0
2024-02-20 08:30:00-05:00,93418.62933349611,46632.949218750015,"[{'asset': SPY, 'quantity': 94.0}]",-0.00398880543809732
2024-02-20 09:30:00-05:00,93418.62933349611,46632.949218750015,"[{'asset': SPY, 'quantity': 94.0}]",0.0
2024-02-20 09:30:00-05:00,93418.62933349611,46632.949218750015,"[{'asset': SPY, 'quantity': 94.0}]",0.0
2024-02-21 09:30:00-05:00,93202.43048095705,46632.949218750015,"[{'asset': SPY, 'quantity': 94.0}]",-0.002314301270330721
2024-02-22 09:30:00-05:00,94009.89013671876,46632.949218750015,"[{'asset': SPY, 'quantity': 94.0}]",0.00866350428411522
2024-02-23 09:30:00-05:00,94504.32818603517,46632.949218750015,"[{'asset': SPY, 'quantity': 94.0}]",0.005259425881652957
2024-02-24 09:30:00-05:00,94504.32818603517,46632.949218750015,"[{'asset': SPY, 'quantity': 94.0}]",0.0
2024-02-24 09:29:00-05:00,94504.32818603517,46632.949218750015,"[{'asset': SPY, 'quantity': 94.0}]",0.0
2024-02-26 08:30:00-05:00,94413.14807128908,46632.949218750015,"[{'asset': SPY, 'quantity': 94.0}]",-0.0009648247492601847
2024-02-26 09:30:00-05:00,94413.14807128908,46632.949218750015,"[{'asset': SPY, 'quantity': 94.0}]",0.0
2024-02-26 09:30:00-05:00,94413.14807128908,46632.949218750015,"[{'asset': SPY, 'quantity': 94.0}]",0.0
2024-02-27 09:30:00-05:00,94262.75036621095,46632.949218750015,"[{'asset': SPY, 'quantity': 94.0}]",-0.0015929741582662027
2024-02-28 09:30:00-05:00,94133.96795654298,46632.949218750015,"[{'asset': SPY, 'quantity': 94.0}]",-0.0013662067907805886
2024-02-29 09:30:00-05:00,94391.52990722658,46632.949218750015,"[{'asset': SPY, 'quantity': 94.0}]",0.0027361212564893655
2024-03-01 09:30:00-05:00,94477.07025146486,46632.949218750015,"[{'asset': SPY, 'quantity': 94.0}]",0.0009062290262946693
2024-03-02 09:30:00-05:00,94477.07025146486,46632.949218750015,"[{'asset': SPY, 'quantity': 94.0}]",0.0
2024-03-02 09:29:00-05:00,94477.07025146486,46632.949218750015,"[{'asset': SPY, 'quantity': 94.0}]",0.0
2024-03-04 08:30:00-05:00,94763.77197265626,46632.949218750015,"[{'asset': SPY, 'quantity': 94.0}]",0.003034616975614357
2024-03-04 09:30:00-05:00,94763.77197265626,46632.949218750015,"[{'asset': SPY, 'quantity': 94.0}]",0.0
2024-03-04 09:30:00-05:00,94763.77197265626,46632.949218750015,"[{'asset': SPY, 'quantity': 94.0}]",0.0
2024-03-05 09:30:00-05:00,94513.16650390626,23079.567871093765,"[{'asset': SPY, 'quantity': 140.0}]",-0.0026445282150895366
2024-03-06 09:30:00-05:00,94556.56616210939,23079.567871093765,"[{'asset': SPY, 'quantity': 140.0}]",0.00045919166406660494
2024-03-07 09:30:00-05:00,94919.16992187501,23079.567871093765,"[{'asset': SPY, 'quantity': 140.0}]",0.0038347813851866697
2024-03-08 09:30:00-05:00,95243.97094726564,23079.567871093765,"[{'asset': SPY, 'quantity': 140.0}]",0.0034218696355852174
2024-03-09 09:30:00-05:00,95243.97094726564,23079.567871093765,"[{'asset': SPY, 'quantity': 140.0}]",0.0
2024-03-09 09:29:00-05:00,95243.97094726564,23079.567871093765,"[{'asset': SPY, 'quantity': 140.0}]",0.0
2024-03-11 08:30:00-04:00,94546.7694091797,23079.567871093765,"[{'asset': SPY, 'quantity': 140.0}]",-0.007320164532744644
2024-03-11 09:30:00-04:00,94546.7694091797,23079.567871093765,"[{'asset': SPY, 'quantity': 140.0}]",0.0
2024-03-11 09:30:00-04:00,94546.7694091797,23079.567871093765,"[{'asset': SPY, 'quantity': 140.0}]",0.0
2024-03-12 09:30:00-04:00,94962.56958007814,23079.567871093765,"[{'asset': SPY, 'quantity': 140.0}]",0.004397825261473809
2024-03-13 09:30:00-04:00,95474.96582031251,23079.567871093765,"[{'asset': SPY, 'quantity': 140.0}]",0.005395770591509752
2024-03-14 09:30:00-04:00,95455.36376953126,23079.567871093765,"[{'asset': SPY, 'quantity': 140.0}]",-0.00020531089603259556
2024-03-15 09:30:00-04:00,94508.9666748047,23079.567871093765,"[{'asset': SPY, 'quantity': 140.0}]",-0.009914551234769364
2024-03-16 09:30:00-04:00,94508.9666748047,23079.567871093765,"[{'asset': SPY, 'quantity': 140.0}]",0.0
2024-03-16 09:29:00-04:00,94508.9666748047,23079.567871093765,"[{'asset': SPY, 'quantity': 140.0}]",0.0
2024-03-18 08:30:00-04:00,95262.86787109377,23302.867871093764,"[{'asset': SPY, 'quantity': 140.0}]",0.007977033532523548
2024-03-18 09:30:00-04:00,95262.86787109377,23302.867871093764,"[{'asset': SPY, 'quantity': 140.0}]",0.0
2024-03-18 09:30:00-04:00,95262.86787109377,23302.867871093764,"[{'asset': SPY, 'quantity': 140.0}]",0.0
2024-03-19 09:30:00-04:00,95003.87128906252,23302.867871093764,"[{'asset': SPY, 'quantity': 140.0}]",-0.0027187569282683954
2024-03-20 09:30:00-04:00,95510.67060546877,23302.867871093764,"[{'asset': SPY, 'quantity': 140.0}]",0.005334512262813451
2024-03-21 09:30:00-04:00,96577.46992187502,23302.867871093764,"[{'asset': SPY, 'quantity': 140.0}]",0.011169425464647054
2024-03-22 09:30:00-04:00,96398.26582031252,23302.867871093764,"[{'asset': SPY, 'quantity': 140.0}]",-0.0018555476935506743
2024-03-23 09:30:00-04:00,96398.26582031252,23302.867871093764,"[{'asset': SPY, 'quantity': 140.0}]",0.0
2024-03-23 09:29:00-04:00,96398.26582031252,23302.867871093764,"[{'asset': SPY, 'quantity': 140.0}]",0.0
2024-03-25 08:30:00-04:00,96074.86616210939,23302.867871093764,"[{'asset': SPY, 'quantity': 140.0}]",-0.003354828590028225
2024-03-25 09:30:00-04:00,96074.86616210939,23302.867871093764,"[{'asset': SPY, 'quantity': 140.0}]",0.0
2024-03-25 09:30:00-04:00,96074.86616210939,23302.867871093764,"[{'asset': SPY, 'quantity': 140.0}]",0.0
2024-03-26 09:30:00-04:00,96275.06513671877,23302.867871093764,"[{'asset': SPY, 'quantity': 140.0}]",0.0020837809367495463
2024-03-27 09:30:00-04:00,96342.27094726564,23302.867871093764,"[{'asset': SPY, 'quantity': 140.0}]",0.0006980604007011948
2024-03-28 09:30:00-04:00,96552.27094726564,23302.867871093764,"[{'asset': SPY, 'quantity': 140.0}]",0.002179728564992489
2024-03-29 09:30:00-04:00,96552.27094726564,23302.867871093764,"[{'asset': SPY, 'quantity': 140.0}]",0.0
2024-03-29 09:29:00-04:00,96552.27094726564,23302.867871093764,"[{'asset': SPY, 'quantity': 140.0}]",0.0
2024-04-01 08:30:00-04:00,96639.07026367189,23302.867871093764,"[{'asset': SPY, 'quantity': 140.0}]",0.0008989878286100872
2024-04-01 09:30:00-04:00,96639.07026367189,23302.867871093764,"[{'asset': SPY, 'quantity': 140.0}]",0.0
2024-04-01 09:30:00-04:00,96639.07026367189,23302.867871093764,"[{'asset': SPY, 'quantity': 140.0}]",0.0
2024-04-02 09:30:00-04:00,95856.46650390627,23302.867871093764,"[{'asset': SPY, 'quantity': 140.0}]",-0.008098212841145425
2024-04-03 09:30:00-04:00,95783.66376953127,23302.867871093764,"[{'asset': SPY, 'quantity': 140.0}]",-0.0007594973717504061
2024-04-04 09:30:00-04:00,96595.67060546877,23302.867871093764,"[{'asset': SPY, 'quantity': 140.0}]",0.00847750862705876
2024-04-05 09:30:00-04:00,95327.27094726564,23302.867871093764,"[{'asset': SPY, 'quantity': 140.0}]",-0.013131019747082862
2024-04-06 09:30:00-04:00,95327.27094726564,23302.867871093764,"[{'asset': SPY, 'quantity': 140.0}]",0.0
2024-04-06 09:29:00-04:00,95327.27094726564,23302.867871093764,"[{'asset': SPY, 'quantity': 140.0}]",0.0
2024-04-08 08:30:00-04:00,95983.87128906252,23302.867871093764,"[{'asset': SPY, 'quantity': 140.0}]",0.0068878541814136884
2024-04-08 09:30:00-04:00,95983.87128906252,23302.867871093764,"[{'asset': SPY, 'quantity': 140.0}]",0.0
2024-04-08 09:30:00-04:00,95983.87128906252,23302.867871093764,"[{'asset': SPY, 'quantity': 140.0}]",0.0
2024-04-09 09:30:00-04:00,96172.86787109377,23302.867871093764,"[{'asset': SPY, 'quantity': 140.0}]",0.001969045210336251
2024-04-10 09:30:00-04:00,95190.06513671877,23302.867871093764,"[{'asset': SPY, 'quantity': 140.0}]",-0.010219126829952851
2024-04-11 09:30:00-04:00,95498.06684570314,23302.867871093764,"[{'asset': SPY, 'quantity': 140.0}]",0.003235649734475876
2024-04-12 09:30:00-04:00,95528.1967895508,107358.70667724611,"[{'asset': SPY, 'quantity': -23.0}]",0.00031550318077466777
2024-04-13 09:30:00-04:00,95528.1967895508,107358.70667724611,"[{'asset': SPY, 'quantity': -23.0}]",0.0
2024-04-13 09:29:00-04:00,95528.1967895508,107358.70667724611,"[{'asset': SPY, 'quantity': -23.0}]",0.0
2024-04-15 08:30:00-04:00,95510.71656494142,107358.70667724611,"[{'asset': SPY, 'quantity': -23.0}]",-0.00018298497403734792
2024-04-15 09:30:00-04:00,95510.71656494142,107358.70667724611,"[{'asset': SPY, 'quantity': -23.0}]",0.0
2024-04-15 09:30:00-04:00,95510.71656494142,107358.70667724611,"[{'asset': SPY, 'quantity': -23.0}]",0.0
2024-04-16 09:30:00-04:00,95745.08662109377,107358.70667724611,"[{'asset': SPY, 'quantity': -23.0}]",0.0024538613527518294
2024-04-17 09:30:00-04:00,95719.55695800783,107358.70667724611,"[{'asset': SPY, 'quantity': -23.0}]",-0.00026664201774628804
2024-04-18 09:30:00-04:00,95813.16642456056,107358.70667724611,"[{'asset': SPY, 'quantity': -23.0}]",0.000977955493398186
2024-04-19 09:30:00-04:00,95871.58662109377,107358.70667724611,"[{'asset': SPY, 'quantity': -23.0}]",0.000609730360797478
2024-04-20 09:30:00-04:00,95871.58662109377,107358.70667724611,"[{'asset': SPY, 'quantity': -23.0}]",0.0
2024-04-20 09:29:00-04:00,95871.58662109377,107358.70667724611,"[{'asset': SPY, 'quantity': -23.0}]",0.0
2024-04-22 08:30:00-04:00,95908.616986084,107358.70667724611,"[{'asset': SPY, 'quantity': -23.0}]",0.00038624963135935886
2024-04-22 09:30:00-04:00,95908.616986084,107358.70667724611,"[{'asset': SPY, 'quantity': -23.0}]",0.0
2024-04-22 09:30:00-04:00,95908.616986084,107358.70667724611,"[{'asset': SPY, 'quantity': -23.0}]",0.0
2024-04-23 09:30:00-04:00,95817.76670532228,107358.70667724611,"[{'asset': SPY, 'quantity': -23.0}]",-0.00094725879297064
2024-04-24 09:30:00-04:00,95707.82673339845,107358.70667724611,"[{'asset': SPY, 'quantity': -23.0}]",-0.0011473860819772863
2024-04-25 09:30:00-04:00,95877.56684570314,107358.70667724611,"[{'asset': SPY, 'quantity': -23.0}]",0.0017735238391476393
2024-04-26 09:30:00-04:00,95712.65653686525,107358.70667724611,"[{'asset': SPY, 'quantity': -23.0}]",-0.0017200093229658986
2024-04-27 09:30:00-04:00,95712.65653686525,107358.70667724611,"[{'asset': SPY, 'quantity': -23.0}]",0.0
2024-04-27 09:29:00-04:00,95712.65653686525,107358.70667724611,"[{'asset': SPY, 'quantity': -23.0}]",0.0
2024-04-29 08:30:00-04:00,95626.63676147463,107358.70667724611,"[{'asset': SPY, 'quantity': -23.0}]",-0.0008987293687485742
2024-04-29 09:30:00-04:00,95626.63676147463,107358.70667724611,"[{'asset': SPY, 'quantity': -23.0}]",0.0
2024-04-29 09:30:00-04:00,95626.63676147463,107358.70667724611,"[{'asset': SPY, 'quantity': -23.0}]",0.0
2024-04-30 09:30:00-04:00,95661.82673339845,107358.70667724611,"[{'asset': SPY, 'quantity': -23.0}]",0.00036799340764859245
2024-05-01 09:30:00-04:00,95826.96656494142,107358.70667724611,"[{'asset': SPY, 'quantity': -23.0}]",0.0017262876654362547
2024-05-02 09:30:00-04:00,95763.25681762697,107358.70667724611,"[{'asset': SPY, 'quantity': -23.0}]",-0.0006648415325896107
2024-05-03 09:30:00-04:00,95602.0265930176,107358.70667724611,"[{'asset': SPY, 'quantity': -23.0}]",-0.001683633472454149
2024-05-04 09:30:00-04:00,95602.0265930176,107358.70667724611,"[{'asset': SPY, 'quantity': -23.0}]",0.0
2024-05-04 09:29:00-04:00,95602.0265930176,107358.70667724611,"[{'asset': SPY, 'quantity': -23.0}]",0.0
2024-05-06 08:30:00-04:00,95542.45667724611,107358.70667724611,"[{'asset': SPY, 'quantity': -23.0}]",-0.0006231030648029545
2024-05-06 09:30:00-04:00,95542.45667724611,107358.70667724611,"[{'asset': SPY, 'quantity': -23.0}]",0.0
2024-05-06 09:30:00-04:00,95542.45667724611,107358.70667724611,"[{'asset': SPY, 'quantity': -23.0}]",0.0
2024-05-07 09:30:00-04:00,95454.82673339845,107358.70667724611,"[{'asset': SPY, 'quantity': -23.0}]",-0.000917183280556455
2024-05-08 09:30:00-04:00,95507.72645263674,107358.70667724611,"[{'asset': SPY, 'quantity': -23.0}]",0.0005541859018405315
2024-05-09 09:30:00-04:00,95458.96656494142,107358.70667724611,"[{'asset': SPY, 'quantity': -23.0}]",-0.0005105334354230662
2024-05-10 09:30:00-04:00,95357.07673339845,107358.70667724611,"[{'asset': SPY, 'quantity': -23.0}]",-0.0010673678462007619
2024-05-11 09:30:00-04:00,95357.07673339845,107358.70667724611,"[{'asset': SPY, 'quantity': -23.0}]",0.0
2024-05-11 09:29:00-04:00,95357.07673339845,107358.70667724611,"[{'asset': SPY, 'quantity': -23.0}]",0.0
2024-05-13 08:30:00-04:00,95339.82673339845,107358.70667724611,"[{'asset': SPY, 'quantity': -23.0}]",-0.0001808990018457024
2024-05-13 09:30:00-04:00,95339.82673339845,107358.70667724611,"[{'asset': SPY, 'quantity': -23.0}]",0.0
2024-05-13 09:30:00-04:00,95339.82673339845,107358.70667724611,"[{'asset': SPY, 'quantity': -23.0}]",0.0
2024-05-14 09:30:00-04:00,95373.17701416017,107358.70667724611,"[{'asset': SPY, 'quantity': -23.0}]",0.00034980429380238043
2024-05-15 09:30:00-04:00,95264.6162841797,107358.70667724611,"[{'asset': SPY, 'quantity': -23.0}]",-0.001138273185178118
2024-05-16 09:30:00-04:00,95171.46656494142,107358.70667724611,"[{'asset': SPY, 'quantity': -23.0}]",-0.0009777997631398305
2024-05-17 09:30:00-04:00,95196.07673339845,107358.70667724611,"[{'asset': SPY, 'quantity': -23.0}]",0.0002585876770138107
2024-05-18 09:30:00-04:00,95196.07673339845,107358.70667724611,"[{'asset': SPY, 'quantity': -23.0}]",0.0
2024-05-18 09:29:00-04:00,95196.07673339845,107358.70667724611,"[{'asset': SPY, 'quantity': -23.0}]",0.0
2024-05-20 08:30:00-04:00,95178.59650878908,107358.70667724611,"[{'asset': SPY, 'quantity': -23.0}]",-0.00018362337198341017
2024-05-20 09:30:00-04:00,95178.59650878908,107358.70667724611,"[{'asset': SPY, 'quantity': -23.0}]",0.0
2024-05-20 09:30:00-04:00,95178.59650878908,107358.70667724611,"[{'asset': SPY, 'quantity': -23.0}]",0.0
2024-05-21 09:30:00-04:00,95185.26600341799,107358.70667724611,"[{'asset': SPY, 'quantity': -23.0}]",7.007347106968709e-05
2024-05-22 09:30:00-04:00,95153.75611572267,107358.70667724611,"[{'asset': SPY, 'quantity': -23.0}]",-0.00033103744957940773
2024-05-23 09:30:00-04:00,95100.62617187502,107358.70667724611,"[{'asset': SPY, 'quantity': -23.0}]",-0.0005583588711205456
2024-05-24 09:30:00-04:00,95218.15723876955,107358.70667724611,"[{'asset': SPY, 'quantity': -23.0}]",0.001235860073961259
2024-05-25 09:30:00-04:00,95218.15723876955,107358.70667724611,"[{'asset': SPY, 'quantity': -23.0}]",0.0
2024-05-25 09:29:00-04:00,95218.15723876955,107358.70667724611,"[{'asset': SPY, 'quantity': -23.0}]",0.0
2024-05-28 08:30:00-04:00,95162.49622802736,107358.70667724611,"[{'asset': SPY, 'quantity': -23.0}]",-0.0005845629904662752
2024-05-28 09:30:00-04:00,95162.49622802736,107358.70667724611,"[{'asset': SPY, 'quantity': -23.0}]",0.0
2024-05-28 09:30:00-04:00,95162.49622802736,107358.70667724611,"[{'asset': SPY, 'quantity': -23.0}]",0.0
2024-05-29 09:30:00-04:00,95268.06684570314,107358.70667724611,"[{'asset': SPY, 'quantity': -23.0}]",0.001109372093632599
2024-05-30 09:30:00-04:00,95294.74622802736,107358.70667724611,"[{'asset': SPY, 'quantity': -23.0}]",0.00028004538359560627
2024-05-31 09:30:00-04:00,95316.13605957033,107358.70667724611,"[{'asset': SPY, 'quantity': -23.0}]",0.00022445971461837466
2024-06-01 09:30:00-04:00,95316.13605957033,107358.70667724611,"[{'asset': SPY, 'quantity': -23.0}]",0.0
2024-06-01 09:29:00-04:00,95316.13605957033,107358.70667724611,"[{'asset': SPY, 'quantity': -23.0}]",0.0
2024-06-03 08:30:00-04:00,95191.24622802736,107358.70667724611,"[{'asset': SPY, 'quantity': -23.0}]",-0.0013102695588175228
2024-06-03 09:30:00-04:00,95191.24622802736,107358.70667724611,"[{'asset': SPY, 'quantity': -23.0}]",0.0
2024-06-03 09:30:00-04:00,95191.24622802736,107358.70667724611,"[{'asset': SPY, 'quantity': -23.0}]",0.0
2024-06-04 09:30:00-04:00,95250.12617187502,107358.70667724611,"[{'asset': SPY, 'quantity': -23.0}]",0.0006185436810712819
2024-06-05 09:30:00-04:00,95150.99622802736,107358.70667724611,"[{'asset': SPY, 'quantity': -23.0}]",-0.0010407329400150545
2024-06-06 09:30:00-04:00,95054.16712646486,107358.70667724611,"[{'asset': SPY, 'quantity': -23.0}]",-0.001017636235047359
2024-06-07 09:30:00-04:00,95084.52729492189,107358.70667724611,"[{'asset': SPY, 'quantity': -23.0}]",0.0003193986058143139
2024-06-08 09:30:00-04:00,95084.52729492189,107358.70667724611,"[{'asset': SPY, 'quantity': -23.0}]",0.0
2024-06-08 09:29:00-04:00,95084.52729492189,107358.70667724611,"[{'asset': SPY, 'quantity': -23.0}]",0.0
2024-06-10 08:30:00-04:00,95095.56684570314,107358.70667724611,"[{'asset': SPY, 'quantity': -23.0}]",0.00011610249422600027
2024-06-10 09:30:00-04:00,95095.56684570314,107358.70667724611,"[{'asset': SPY, 'quantity': -23.0}]",0.0
2024-06-10 09:30:00-04:00,95095.56684570314,107358.70667724611,"[{'asset': SPY, 'quantity': -23.0}]",0.0
2024-06-11 09:30:00-04:00,95075.09650878908,107358.70667724611,"[{'asset': SPY, 'quantity': -23.0}]",-0.00021526068557198297
2024-06-12 09:30:00-04:00,94901.21656494142,107358.70667724611,"[{'asset': SPY, 'quantity': -23.0}]",-0.001828869496141694
2024-06-13 09:30:00-04:00,94901.21656494142,94901.21656494142,[],0.0
2024-06-14 09:30:00-04:00,94901.21656494142,94901.21656494142,[],0.0
2024-06-15 09:30:00-04:00,94901.21656494142,47303.776135253924,"[{'asset': SPY, 'quantity': 88.0}]",0.0
2024-06-15 09:29:00-04:00,94901.21656494142,47303.776135253924,"[{'asset': SPY, 'quantity': 88.0}]",0.0
2024-06-17 08:30:00-04:00,95006.81763916017,47303.776135253924,"[{'asset': SPY, 'quantity': 88.0}]",0.001112747318117835
2024-06-17 09:30:00-04:00,95006.81763916017,47303.776135253924,"[{'asset': SPY, 'quantity': 88.0}]",0.0
2024-06-17 09:30:00-04:00,95006.81763916017,47303.776135253924,"[{'asset': SPY, 'quantity': 88.0}]",0.0
2024-06-18 09:30:00-04:00,95453.85377197267,47303.776135253924,"[{'asset': SPY, 'quantity': 88.0}]",0.004705305828791806
2024-06-19 09:30:00-04:00,95453.85377197267,47303.776135253924,"[{'asset': SPY, 'quantity': 88.0}]",0.0
2024-06-19 09:29:00-04:00,95453.85377197267,47303.776135253924,"[{'asset': SPY, 'quantity': 88.0}]",0.0
2024-06-20 08:30:00-04:00,95654.49635009767,47303.776135253924,"[{'asset': SPY, 'quantity': 88.0}]",0.002101985097472392
2024-06-20 09:30:00-04:00,95654.49635009767,47303.776135253924,"[{'asset': SPY, 'quantity': 88.0}]",0.0
2024-06-20 09:30:00-04:00,95654.49635009767,47303.776135253924,"[{'asset': SPY, 'quantity': 88.0}]",0.0
2024-06-21 09:30:00-04:00,95210.97828369142,47303.776135253924,"[{'asset': SPY, 'quantity': 88.0}]",-0.004636667206766365
2024-06-22 09:30:00-04:00,95210.97828369142,47303.776135253924,"[{'asset': SPY, 'quantity': 88.0}]",0.0
2024-06-22 09:29:00-04:00,95210.97828369142,47303.776135253924,"[{'asset': SPY, 'quantity': 88.0}]",0.0
2024-06-24 08:30:00-04:00,95359.60963916017,47458.568135253925,"[{'asset': SPY, 'quantity': 88.0}]",0.0015610737138513908
2024-06-24 09:30:00-04:00,95359.60963916017,47458.568135253925,"[{'asset': SPY, 'quantity': 88.0}]",0.0
2024-06-24 09:30:00-04:00,95359.60963916017,47458.568135253925,"[{'asset': SPY, 'quantity': 88.0}]",0.0
2024-06-25 09:30:00-04:00,95374.5708208008,119310.1303911133,"[{'asset': SPY, 'quantity': -44.0}]",0.00015689222824244453
2024-06-26 09:30:00-04:00,95387.77028369142,119310.1303911133,"[{'asset': SPY, 'quantity': -44.0}]",0.00013839603970988712
2024-06-27 09:30:00-04:00,95313.85060595705,119310.1303911133,"[{'asset': SPY, 'quantity': -44.0}]",-0.0007749387318157774
2024-06-28 09:30:00-04:00,95039.98396777344,178755.45985888672,"[{'asset': SPY, 'quantity': -153.0}]",-0.002873314176717323
2024-06-29 09:30:00-04:00,95039.98396777344,178755.45985888672,"[{'asset': SPY, 'quantity': -153.0}]",0.0
2024-06-29 09:29:00-04:00,95039.98396777344,178755.45985888672,"[{'asset': SPY, 'quantity': -153.0}]",0.0
2024-07-01 08:30:00-04:00,95274.06911181641,178755.45985888672,"[{'asset': SPY, 'quantity': -153.0}]",0.0024630175034787705
2024-07-01 09:30:00-04:00,95274.06911181641,178755.45985888672,"[{'asset': SPY, 'quantity': -153.0}]",0.0
2024-07-01 09:30:00-04:00,95274.06911181641,178755.45985888672,"[{'asset': SPY, 'quantity': -153.0}]",0.0
2024-07-02 09:30:00-04:00,95569.35799121094,178755.45985888672,"[{'asset': SPY, 'quantity': -153.0}]",0.003099362524843663
2024-07-03 09:30:00-04:00,94805.88948535157,178755.45985888672,"[{'asset': SPY, 'quantity': -153.0}]",-0.00798863277840145
2024-07-04 09:30:00-04:00,94805.88948535157,178755.45985888672,"[{'asset': SPY, 'quantity': -153.0}]",0.0
2024-07-04 09:29:00-04:00,94805.88948535157,178755.45985888672,"[{'asset': SPY, 'quantity': -153.0}]",0.0
2024-07-05 08:30:00-04:00,94334.64687060547,178755.45985888672,"[{'asset': SPY, 'quantity': -153.0}]",-0.004970604856978866
2024-07-05 09:30:00-04:00,94334.64687060547,178755.45985888672,"[{'asset': SPY, 'quantity': -153.0}]",0.0
2024-07-05 09:30:00-04:00,94334.64687060547,178755.45985888672,"[{'asset': SPY, 'quantity': -153.0}]",0.0
2024-07-06 09:30:00-04:00,94334.64687060547,178755.45985888672,"[{'asset': SPY, 'quantity': -153.0}]",0.0
2024-07-06 09:29:00-04:00,94334.64687060547,178755.45985888672,"[{'asset': SPY, 'quantity': -153.0}]",0.0
2024-07-08 08:30:00-04:00,93773.13948535157,178755.45985888672,"[{'asset': SPY, 'quantity': -153.0}]",-0.005952292226461653
2024-07-08 09:30:00-04:00,93773.13948535157,178755.45985888672,"[{'asset': SPY, 'quantity': -153.0}]",0.0
2024-07-08 09:30:00-04:00,93773.13948535157,178755.45985888672,"[{'asset': SPY, 'quantity': -153.0}]",0.0
2024-07-09 09:30:00-04:00,93647.6783647461,178755.45985888672,"[{'asset': SPY, 'quantity': -153.0}]",-0.0013379217257097897
2024-07-10 09:30:00-04:00,93523.74873828125,178755.45985888672,"[{'asset': SPY, 'quantity': -153.0}]",-0.0013233603718626474
2024-07-11 09:30:00-04:00,92855.13948535157,178755.45985888672,"[{'asset': SPY, 'quantity': -153.0}]",-0.007149085253209231
2024-07-12 09:30:00-04:00,93438.06911181641,178755.45985888672,"[{'asset': SPY, 'quantity': -153.0}]",0.006277839112575956
2024-07-13 09:30:00-04:00,93438.06911181641,178755.45985888672,"[{'asset': SPY, 'quantity': -153.0}]",0.0
2024-07-13 09:29:00-04:00,93438.06911181641,178755.45985888672,"[{'asset': SPY, 'quantity': -153.0}]",0.0
2024-07-15 08:30:00-04:00,92764.86537646485,178755.45985888672,"[{'asset': SPY, 'quantity': -153.0}]",-0.007204812147241002
2024-07-15 09:30:00-04:00,92764.86537646485,178755.45985888672,"[{'asset': SPY, 'quantity': -153.0}]",0.0
2024-07-15 09:30:00-04:00,92764.86537646485,178755.45985888672,"[{'asset': SPY, 'quantity': -153.0}]",0.0
2024-07-16 09:30:00-04:00,92636.35060595704,178755.45985888672,"[{'asset': SPY, 'quantity': -153.0}]",-0.0013853819545391888
2024-07-17 09:30:00-04:00,93259.0617265625,178755.45985888672,"[{'asset': SPY, 'quantity': -153.0}]",0.006722103326957107
2024-07-18 09:30:00-04:00,93303.4283647461,178755.45985888672,"[{'asset': SPY, 'quantity': -153.0}]",0.00047573541232570626
2024-07-19 09:30:00-04:00,94235.20247363282,178755.45985888672,"[{'asset': SPY, 'quantity': -153.0}]",0.00998649380003691
2024-07-20 09:30:00-04:00,94235.20247363282,178755.45985888672,"[{'asset': SPY, 'quantity': -153.0}]",0.0
2024-07-20 09:29:00-04:00,94235.20247363282,178755.45985888672,"[{'asset': SPY, 'quantity': -153.0}]",0.0
2024-07-22 08:30:00-04:00,94146.45985888672,178755.45985888672,"[{'asset': SPY, 'quantity': -153.0}]",-0.0009417140560707971
2024-07-22 09:30:00-04:00,94146.45985888672,178755.45985888672,"[{'asset': SPY, 'quantity': -153.0}]",0.0
2024-07-22 09:30:00-04:00,94146.45985888672,178755.45985888672,"[{'asset': SPY, 'quantity': -153.0}]",0.0
2024-07-23 09:30:00-04:00,93910.84322070313,178755.45985888672,"[{'asset': SPY, 'quantity': -153.0}]",-0.0025026606261855378
2024-07-24 09:30:00-04:00,94779.88210009766,178755.45985888672,"[{'asset': SPY, 'quantity': -153.0}]",0.009253871540181757
2024-07-25 09:30:00-04:00,95928.91359423829,178755.45985888672,"[{'asset': SPY, 'quantity': -153.0}]",0.012123158086724928
2024-07-26 09:30:00-04:00,95786.61537646485,178755.45985888672,"[{'asset': SPY, 'quantity': -153.0}]",-0.0014833715137787529
2024-07-27 09:30:00-04:00,95786.61537646485,178755.45985888672,"[{'asset': SPY, 'quantity': -153.0}]",0.0
2024-07-27 09:29:00-04:00,95786.61537646485,178755.45985888672,"[{'asset': SPY, 'quantity': -153.0}]",0.0
2024-07-29 08:30:00-04:00,95214.39687060547,178755.45985888672,"[{'asset': SPY, 'quantity': -153.0}]",-0.005973887934242361
2024-07-29 09:30:00-04:00,95214.39687060547,178755.45985888672,"[{'asset': SPY, 'quantity': -153.0}]",0.0
2024-07-29 09:30:00-04:00,95214.39687060547,178755.45985888672,"[{'asset': SPY, 'quantity': -153.0}]",0.0
2024-07-30 09:30:00-04:00,95177.6783647461,178755.45985888672,"[{'asset': SPY, 'quantity': -153.0}]",-0.0003856402714945695
2024-07-31 09:30:00-04:00,94761.52284716797,178755.45985888672,"[{'asset': SPY, 'quantity': -153.0}]",-0.004372406689552855
2024-08-01 09:30:00-04:00,94212.24873828125,178755.45985888672,"[{'asset': SPY, 'quantity': -153.0}]",-0.005796383303934394
2024-08-02 09:30:00-04:00,96785.70985888672,178755.45985888672,"[{'asset': SPY, 'quantity': -153.0}]",0.027315568358361464
2024-08-03 09:30:00-04:00,96785.70985888672,178755.45985888672,"[{'asset': SPY, 'quantity': -153.0}]",0.0
2024-08-03 09:29:00-04:00,96785.70985888672,178755.45985888672,"[{'asset': SPY, 'quantity': -153.0}]",0.0
2024-08-05 08:30:00-04:00,100474.53761767579,178755.45985888672,"[{'asset': SPY, 'quantity': -153.0}]",0.03811335128054916
2024-08-05 09:30:00-04:00,100474.53761767579,178755.45985888672,"[{'asset': SPY, 'quantity': -153.0}]",0.0
2024-08-05 09:30:00-04:00,100474.53761767579,178755.45985888672,"[{'asset': SPY, 'quantity': -153.0}]",0.0
2024-08-06 09:30:00-04:00,99314.8043413086,178755.45985888672,"[{'asset': SPY, 'quantity': -153.0}]",-0.01154255897927281
2024-08-07 09:30:00-04:00,97899.5543413086,178755.45985888672,"[{'asset': SPY, 'quantity': -153.0}]",-0.01425014134988678
2024-08-08 09:30:00-04:00,98597.23396777344,178755.45985888672,"[{'asset': SPY, 'quantity': -153.0}]",0.007126484192486959
2024-08-09 09:30:00-04:00,97694.53023242188,178755.45985888672,"[{'asset': SPY, 'quantity': -153.0}]",-0.009155467136599538
2024-08-10 09:30:00-04:00,97694.53023242188,178755.45985888672,"[{'asset': SPY, 'quantity': -153.0}]",0.0
2024-08-10 09:29:00-04:00,97694.53023242188,178755.45985888672,"[{'asset': SPY, 'quantity': -153.0}]",0.0
2024-08-12 08:30:00-04:00,97021.32649707032,178755.45985888672,"[{'asset': SPY, 'quantity': -153.0}]",-0.006890905087009069
2024-08-12 09:30:00-04:00,97021.32649707032,178755.45985888672,"[{'asset': SPY, 'quantity': -153.0}]",0.0
2024-08-12 09:30:00-04:00,97021.32649707032,178755.45985888672,"[{'asset': SPY, 'quantity': -153.0}]",0.0
2024-08-13 09:30:00-04:00,96666.36537646485,178755.45985888672,"[{'asset': SPY, 'quantity': -153.0}]",-0.0036585886157327607
2024-08-14 09:30:00-04:00,95699.41359423829,178755.45985888672,"[{'asset': SPY, 'quantity': -153.0}]",-0.010002980648551207
2024-08-15 09:30:00-04:00,94681.95985888672,178755.45985888672,"[{'asset': SPY, 'quantity': -153.0}]",-0.010631765620482514
2024-08-16 09:30:00-04:00,94388.20247363282,178755.45985888672,"[{'asset': SPY, 'quantity': -153.0}]",-0.0031025697576573252
2024-08-17 09:30:00-04:00,94388.20247363282,178755.45985888672,"[{'asset': SPY, 'quantity': -153.0}]",0.0
2024-08-17 09:29:00-04:00,94388.20247363282,178755.45985888672,"[{'asset': SPY, 'quantity': -153.0}]",0.0
2024-08-19 08:30:00-04:00,93881.77284716797,178755.45985888672,"[{'asset': SPY, 'quantity': -153.0}]",-0.005365391152631793
2024-08-19 09:30:00-04:00,93881.77284716797,178755.45985888672,"[{'asset': SPY, 'quantity': -153.0}]",0.0
2024-08-19 09:30:00-04:00,93881.77284716797,178755.45985888672,"[{'asset': SPY, 'quantity': -153.0}]",0.0
2024-08-20 09:30:00-04:00,93205.50612353516,178755.45985888672,"[{'asset': SPY, 'quantity': -153.0}]",-0.00720338680367405
2024-08-21 09:30:00-04:00,93110.64687060547,178755.45985888672,"[{'asset': SPY, 'quantity': -153.0}]",-0.001017743016211492
2024-08-22 09:30:00-04:00,92683.78023242188,178755.45985888672,"[{'asset': SPY, 'quantity': -153.0}]",-0.004584509425402228
2024-08-23 09:30:00-04:00,93147.36537646485,178755.45985888672,"[{'asset': SPY, 'quantity': -153.0}]",0.005001793656672637
2024-08-24 09:30:00-04:00,93147.36537646485,178755.45985888672,"[{'asset': SPY, 'quantity': -153.0}]",0.0
2024-08-24 09:29:00-04:00,93147.36537646485,178755.45985888672,"[{'asset': SPY, 'quantity': -153.0}]",0.0
2024-08-26 08:30:00-04:00,92588.92097949219,178755.45985888672,"[{'asset': SPY, 'quantity': -153.0}]",-0.005995278499994594
2024-08-26 09:30:00-04:00,92588.92097949219,178755.45985888672,"[{'asset': SPY, 'quantity': -153.0}]",0.0
2024-08-26 09:30:00-04:00,92588.92097949219,178755.45985888672,"[{'asset': SPY, 'quantity': -153.0}]",0.0
2024-08-27 09:30:00-04:00,93153.49135302735,178755.45985888672,"[{'asset': SPY, 'quantity': -153.0}]",0.006097601824955001
2024-08-28 09:30:00-04:00,92890.32649707032,178755.45985888672,"[{'asset': SPY, 'quantity': -153.0}]",-0.002825067017184657
2024-08-29 09:30:00-04:00,93028.03023242188,178755.45985888672,"[{'asset': SPY, 'quantity': -153.0}]",0.0014824335379626241
2024-08-30 09:30:00-04:00,92957.64687060547,178755.45985888672,"[{'asset': SPY, 'quantity': -153.0}]",-0.0007565823079405121
2024-08-31 09:30:00-04:00,92957.64687060547,178755.45985888672,"[{'asset': SPY, 'quantity': -153.0}]",0.0
2024-08-31 09:29:00-04:00,92957.64687060547,178755.45985888672,"[{'asset': SPY, 'quantity': -153.0}]",0.0
2024-09-03 08:30:00-04:00,93003.5543413086,178755.45985888672,"[{'asset': SPY, 'quantity': -153.0}]",0.0004938536231131607
2024-09-03 09:30:00-04:00,93003.5543413086,178755.45985888672,"[{'asset': SPY, 'quantity': -153.0}]",0.0
2024-09-03 09:30:00-04:00,93003.5543413086,178755.45985888672,"[{'asset': SPY, 'quantity': -153.0}]",0.0
2024-09-04 09:30:00-04:00,94574.85799121094,178755.45985888672,"[{'asset': SPY, 'quantity': -153.0}]",0.016895092462121397
2024-09-05 09:30:00-04:00,94469.28761767579,178755.45985888672,"[{'asset': SPY, 'quantity': -153.0}]",-0.0011162625646762292
2024-09-06 09:30:00-04:00,94614.63948535157,178755.45985888672,"[{'asset': SPY, 'quantity': -153.0}]",0.0015386150498353235
2024-09-07 09:30:00-04:00,94614.63948535157,178755.45985888672,"[{'asset': SPY, 'quantity': -153.0}]",0.0
2024-09-07 09:29:00-04:00,94614.63948535157,178755.45985888672,"[{'asset': SPY, 'quantity': -153.0}]",0.0
2024-09-09 08:30:00-04:00,95424.00612353516,178755.45985888672,"[{'asset': SPY, 'quantity': -153.0}]",0.008554348910338572
2024-09-09 09:30:00-04:00,95424.00612353516,178755.45985888672,"[{'asset': SPY, 'quantity': -153.0}]",0.0
2024-09-09 09:30:00-04:00,95424.00612353516,178755.45985888672,"[{'asset': SPY, 'quantity': -153.0}]",0.0
2024-09-10 09:30:00-04:00,94856.38210009766,178755.45985888672,"[{'asset': SPY, 'quantity': -153.0}]",-0.005948440507755004
2024-09-11 09:30:00-04:00,94804.35799121094,178755.45985888672,"[{'asset': SPY, 'quantity': -153.0}]",-0.0005484513296303284
2024-09-12 09:30:00-04:00,93838.9283647461,178755.45985888672,"[{'asset': SPY, 'quantity': -153.0}]",-0.010183388685089168
2024-09-13 09:30:00-04:00,93119.82649707032,178755.45985888672,"[{'asset': SPY, 'quantity': -153.0}]",-0.00766315089277958
2024-09-14 09:30:00-04:00,93119.82649707032,178755.45985888672,"[{'asset': SPY, 'quantity': -153.0}]",0.0
2024-09-14 09:29:00-04:00,93119.82649707032,178755.45985888672,"[{'asset': SPY, 'quantity': -153.0}]",0.0
2024-09-16 08:30:00-04:00,92809.24135302735,178755.45985888672,"[{'asset': SPY, 'quantity': -153.0}]",-0.003335327778480557
2024-09-16 09:30:00-04:00,92809.24135302735,178755.45985888672,"[{'asset': SPY, 'quantity': -153.0}]",0.0
2024-09-16 09:30:00-04:00,92809.24135302735,178755.45985888672,"[{'asset': SPY, 'quantity': -153.0}]",0.0
2024-09-17 09:30:00-04:00,92295.16359423829,178755.45985888672,"[{'asset': SPY, 'quantity': -153.0}]",-0.005539079420266102
2024-09-18 09:30:00-04:00,92503.24135302735,178755.45985888672,"[{'asset': SPY, 'quantity': -153.0}]",0.002254481715898482
2024-09-19 09:30:00-04:00,91390.9283647461,178755.45985888672,"[{'asset': SPY, 'quantity': -153.0}]",-0.012024583917402909
2024-09-20 09:30:00-04:00,91189.81712817383,91189.81712817383,[],-0.0022005601668648733
2024-09-21 09:30:00-04:00,91189.81712817383,91189.81712817383,[],0.0
2024-09-21 09:29:00-04:00,91189.81712817383,91189.81712817383,[],0.0
2024-09-23 08:30:00-04:00,91189.81712817383,91189.81712817383,[],0.0
2024-09-23 09:30:00-04:00,91189.81712817383,91189.81712817383,[],0.0
2024-09-23 09:30:00-04:00,91189.81712817383,91189.81712817383,[],0.0
2024-09-24 09:30:00-04:00,91189.81712817383,91189.81712817383,[],0.0
2024-09-25 09:30:00-04:00,91189.81712817383,91189.81712817383,[],0.0
2024-09-26 09:30:00-04:00,91189.81712817383,91189.81712817383,[],0.0
2024-09-27 09:30:00-04:00,91189.81712817383,91189.81712817383,[],0.0
2024-09-28 09:30:00-04:00,91189.81712817383,91189.81712817383,[],0.0
2024-09-28 09:29:00-04:00,91189.81712817383,91189.81712817383,[],0.0
2024-09-30 08:30:00-04:00,91189.81712817383,91189.81712817383,[],0.0
2024-09-30 09:30:00-04:00,91189.81712817383,91189.81712817383,[],0.0
2024-09-30 09:30:00-04:00,91189.81712817383,91189.81712817383,[],0.0
2024-10-01 09:30:00-04:00,91189.81712817383,91189.81712817383,[],0.0
2024-10-02 09:30:00-04:00,91189.81712817383,91189.81712817383,[],0.0
2024-10-03 09:30:00-04:00,91189.81712817383,91189.81712817383,[],0.0
2024-10-04 09:30:00-04:00,91189.81712817383,91189.81712817383,[],0.0
2024-10-05 09:30:00-04:00,91189.81712817383,91189.81712817383,[],0.0
2024-10-05 09:29:00-04:00,91189.81712817383,91189.81712817383,[],0.0
2024-10-07 08:30:00-04:00,91189.81712817383,91189.81712817383,[],0.0
2024-10-07 09:30:00-04:00,91189.81712817383,91189.81712817383,[],0.0
2024-10-07 09:30:00-04:00,91189.81712817383,91189.81712817383,[],0.0
2024-10-08 09:30:00-04:00,91189.81712817383,91189.81712817383,[],0.0
2024-10-09 09:30:00-04:00,91189.81712817383,91189.81712817383,[],0.0
2024-10-10 09:30:00-04:00,91189.81712817383,91189.81712817383,[],0.0
2024-10-11 09:30:00-04:00,91189.81712817383,91189.81712817383,[],0.0
2024-10-12 09:30:00-04:00,91189.81712817383,91189.81712817383,[],0.0
2024-10-12 09:29:00-04:00,91189.81712817383,91189.81712817383,[],0.0
2024-10-14 08:30:00-04:00,91189.81712817383,91189.81712817383,[],0.0
2024-10-14 09:30:00-04:00,91189.81712817383,91189.81712817383,[],0.0
2024-10-14 09:30:00-04:00,91189.81712817383,91189.81712817383,[],0.0
2024-10-15 09:30:00-04:00,91189.81712817383,91189.81712817383,[],0.0
2024-10-16 09:30:00-04:00,91189.81712817383,91189.81712817383,[],0.0
2024-10-17 09:30:00-04:00,91189.81712817383,91189.81712817383,[],0.0
2024-10-18 09:30:00-04:00,91189.81712817383,91189.81712817383,[],0.0
2024-10-19 09:30:00-04:00,91189.81712817383,91189.81712817383,[],0.0
2024-10-19 09:29:00-04:00,91189.81712817383,91189.81712817383,[],0.0
2024-10-21 08:30:00-04:00,91189.81712817383,91189.81712817383,[],0.0
2024-10-21 09:30:00-04:00,91189.81712817383,91189.81712817383,[],0.0
2024-10-21 09:30:00-04:00,91189.81712817383,91189.81712817383,[],0.0
2024-10-22 09:30:00-04:00,91189.81712817383,91189.81712817383,[],0.0
2024-10-23 09:30:00-04:00,91173.43541430664,136511.7161760254,"[{'asset': SPY, 'quantity': -78.0}]",-0.00017964411359838728
2024-10-24 09:30:00-04:00,91273.2776994629,136511.7161760254,"[{'asset': SPY, 'quantity': -78.0}]",0.0010950808719947247
2024-10-25 09:30:00-04:00,91153.93541430664,136511.7161760254,"[{'asset': SPY, 'quantity': -78.0}]",-0.0013075271115956522
2024-10-26 09:30:00-04:00,91153.93541430664,136511.7161760254,"[{'asset': SPY, 'quantity': -78.0}]",0.0
2024-10-26 09:29:00-04:00,91153.93541430664,136511.7161760254,"[{'asset': SPY, 'quantity': -78.0}]",0.0
2024-10-28 08:30:00-04:00,91070.47484301758,136511.7161760254,"[{'asset': SPY, 'quantity': -78.0}]",-0.0009156003074329844
2024-10-28 09:30:00-04:00,91070.47484301758,136511.7161760254,"[{'asset': SPY, 'quantity': -78.0}]",0.0
2024-10-28 09:30:00-04:00,91070.47484301758,136511.7161760254,"[{'asset': SPY, 'quantity': -78.0}]",0.0
2024-10-29 09:30:00-04:00,91283.41808032227,136511.7161760254,"[{'asset': SPY, 'quantity': -78.0}]",0.0023382247393761713
2024-10-30 09:30:00-04:00,91171.09788989258,136511.7161760254,"[{'asset': SPY, 'quantity': -78.0}]",-0.001230455572236111
2024-10-31 09:30:00-04:00,91618.03636645508,136511.7161760254,"[{'asset': SPY, 'quantity': -78.0}]",0.004902194740511678
2024-11-01 09:30:00-04:00,91948.75560473633,136511.7161760254,"[{'asset': SPY, 'quantity': -78.0}]",0.003609761258781319
2024-11-02 09:30:00-04:00,91948.75560473633,136511.7161760254,"[{'asset': SPY, 'quantity': -78.0}]",0.0
2024-11-02 09:29:00-04:00,91948.75560473633,136511.7161760254,"[{'asset': SPY, 'quantity': -78.0}]",0.0
2024-11-04 08:30:00-05:00,91959.67674731446,136511.7161760254,"[{'asset': SPY, 'quantity': -78.0}]",0.00011877422925743453
2024-11-04 09:30:00-05:00,91959.67674731446,136511.7161760254,"[{'asset': SPY, 'quantity': -78.0}]",0.0
2024-11-04 09:30:00-05:00,91959.67674731446,136511.7161760254,"[{'asset': SPY, 'quantity': -78.0}]",0.0
2024-11-05 09:30:00-05:00,92046.35722827149,204482.13530444336,"[{'asset': SPY, 'quantity': -197.0}]",0.0009425922754731086
2024-11-06 09:30:00-05:00,88409.73289965821,204482.13530444336,"[{'asset': SPY, 'quantity': -197.0}]",-0.039508617593573936
2024-11-07 09:30:00-05:00,87645.37193774414,204482.13530444336,"[{'asset': SPY, 'quantity': -197.0}]",-0.008645665322635776
2024-11-08 09:30:00-05:00,87036.64867114258,204482.13530444336,"[{'asset': SPY, 'quantity': -197.0}]",-0.006945298458359561
2024-11-09 09:30:00-05:00,87036.64867114258,204482.13530444336,"[{'asset': SPY, 'quantity': -197.0}]",0.0
2024-11-09 09:29:00-05:00,87036.64867114258,204482.13530444336,"[{'asset': SPY, 'quantity': -197.0}]",0.0
2024-11-11 08:30:00-05:00,86319.5657854004,204482.13530444336,"[{'asset': SPY, 'quantity': -197.0}]",-0.008238861407125153
2024-11-11 09:30:00-05:00,86319.5657854004,133104.7455949707,"[{'asset': SPY, 'quantity': -78.0}]",0.0
2024-11-11 09:30:00-05:00,86319.5657854004,133104.7455949707,"[{'asset': SPY, 'quantity': -78.0}]",0.0
2024-11-12 09:30:00-05:00,86407.70616625977,133104.7455949707,"[{'asset': SPY, 'quantity': -78.0}]",0.0010210938859274155
2024-11-13 09:30:00-05:00,86509.88597583008,133104.7455949707,"[{'asset': SPY, 'quantity': -78.0}]",0.0011825312128261878
2024-11-14 09:30:00-05:00,86513.78502368164,133104.7455949707,"[{'asset': SPY, 'quantity': -78.0}]",4.5070546649927934e-05
2024-11-15 09:30:00-05:00,87106.58788012696,133104.7455949707,"[{'asset': SPY, 'quantity': -78.0}]",0.006852120228967529
2024-11-16 09:30:00-05:00,87106.58788012696,133104.7455949707,"[{'asset': SPY, 'quantity': -78.0}]",0.0
2024-11-16 09:29:00-05:00,87106.58788012696,133104.7455949707,"[{'asset': SPY, 'quantity': -78.0}]",0.0
2024-11-18 08:30:00-05:00,87379.58788012696,133104.7455949707,"[{'asset': SPY, 'quantity': -78.0}]",0.0031340913086355116
2024-11-18 09:30:00-05:00,87379.58788012696,133104.7455949707,"[{'asset': SPY, 'quantity': -78.0}]",0.0
2024-11-18 09:30:00-05:00,87379.58788012696,133104.7455949707,"[{'asset': SPY, 'quantity': -78.0}]",0.0
2024-11-19 09:30:00-05:00,87497.36388110352,133104.7455949707,"[{'asset': SPY, 'quantity': -78.0}]",0.0013478662904444771
2024-11-20 09:30:00-05:00,87055.10521411133,133104.7455949707,"[{'asset': SPY, 'quantity': -78.0}]",-0.005054537044032026
2024-11-21 09:30:00-05:00,86819.54369067383,133104.7455949707,"[{'asset': SPY, 'quantity': -78.0}]",-0.0027058898252795283
2024-11-22 09:30:00-05:00,86799.26768969727,133104.7455949707,"[{'asset': SPY, 'quantity': -78.0}]",-0.00023354189753410637
2024-11-23 09:30:00-05:00,86799.26768969727,133104.7455949707,"[{'asset': SPY, 'quantity': -78.0}]",0.0
2024-11-23 09:29:00-05:00,86799.26768969727,133104.7455949707,"[{'asset': SPY, 'quantity': -78.0}]",0.0
2024-11-25 08:30:00-05:00,86342.18407153321,133104.7455949707,"[{'asset': SPY, 'quantity': -78.0}]",-0.005265984729250439
2024-11-25 09:30:00-05:00,86342.18407153321,133104.7455949707,"[{'asset': SPY, 'quantity': -78.0}]",0.0
2024-11-25 09:30:00-05:00,86342.18407153321,133104.7455949707,"[{'asset': SPY, 'quantity': -78.0}]",0.0
2024-11-26 09:30:00-05:00,86398.34654711914,133104.7455949707,"[{'asset': SPY, 'quantity': -78.0}]",0.0006504639208502194
2024-11-27 09:30:00-05:00,86268.86388110352,133104.7455949707,"[{'asset': SPY, 'quantity': -78.0}]",-0.0014986706481125989
2024-11-28 09:30:00-05:00,86268.86388110352,133104.7455949707,"[{'asset': SPY, 'quantity': -78.0}]",0.0
2024-11-28 09:29:00-05:00,86268.86388110352,133104.7455949707,"[{'asset': SPY, 'quantity': -78.0}]",0.0
2024-11-29 08:30:00-05:00,86331.26768969727,133104.7455949707,"[{'asset': SPY, 'quantity': -78.0}]",0.0007233642102875137
2024-11-29 09:30:00-05:00,86331.26768969727,133104.7455949707,"[{'asset': SPY, 'quantity': -78.0}]",0.0
2024-11-29 09:30:00-05:00,86331.26768969727,133104.7455949707,"[{'asset': SPY, 'quantity': -78.0}]",0.0
2024-11-30 09:30:00-05:00,86331.26768969727,133104.7455949707,"[{'asset': SPY, 'quantity': -78.0}]",0.0
2024-11-30 09:29:00-05:00,86331.26768969727,133104.7455949707,"[{'asset': SPY, 'quantity': -78.0}]",0.0
2024-12-02 08:30:00-05:00,86073.08788012696,133104.7455949707,"[{'asset': SPY, 'quantity': -78.0}]",-0.002990571278280063
2024-12-02 09:30:00-05:00,86073.08788012696,133104.7455949707,"[{'asset': SPY, 'quantity': -78.0}]",0.0
2024-12-02 09:30:00-05:00,86073.08788012696,133104.7455949707,"[{'asset': SPY, 'quantity': -78.0}]",0.0
2024-12-03 09:30:00-05:00,86040.32445239258,133104.7455949707,"[{'asset': SPY, 'quantity': -78.0}]",-0.00038064659397374356
2024-12-04 09:30:00-05:00,85865.60521411133,133104.7455949707,"[{'asset': SPY, 'quantity': -78.0}]",-0.0020306668924513493
2024-12-05 09:30:00-05:00,85707.26768969727,133104.7455949707,"[{'asset': SPY, 'quantity': -78.0}]",-0.001844015703601487
2024-12-06 09:30:00-05:00,85724.42540454102,133104.7455949707,"[{'asset': SPY, 'quantity': -78.0}]",0.00020018973076907365
2024-12-07 09:30:00-05:00,85724.42540454102,133104.7455949707,"[{'asset': SPY, 'quantity': -78.0}]",0.0
2024-12-07 09:29:00-05:00,85724.42540454102,133104.7455949707,"[{'asset': SPY, 'quantity': -78.0}]",0.0
2024-12-09 08:30:00-05:00,85704.92540454102,133104.7455949707,"[{'asset': SPY, 'quantity': -78.0}]",-0.00022747309075532574
2024-12-09 09:30:00-05:00,85704.92540454102,133104.7455949707,"[{'asset': SPY, 'quantity': -78.0}]",0.0
2024-12-09 09:30:00-05:00,85704.92540454102,133104.7455949707,"[{'asset': SPY, 'quantity': -78.0}]",0.0
2024-12-10 09:30:00-05:00,85885.88597583008,133104.7455949707,"[{'asset': SPY, 'quantity': -78.0}]",0.0021114372416159988
2024-12-11 09:30:00-05:00,85853.90330981446,133104.7455949707,"[{'asset': SPY, 'quantity': -78.0}]",-0.0003723855864352643
2024-12-12 09:30:00-05:00,85791.5042619629,133104.7455949707,"[{'asset': SPY, 'quantity': -78.0}]",-0.0007268050192941189
2024-12-13 09:30:00-05:00,85805.54369067383,133104.7455949707,"[{'asset': SPY, 'quantity': -78.0}]",0.00016364590913409138
2024-12-14 09:30:00-05:00,85805.54369067383,133104.7455949707,"[{'asset': SPY, 'quantity': -78.0}]",0.0
2024-12-14 09:29:00-05:00,85805.54369067383,133104.7455949707,"[{'asset': SPY, 'quantity': -78.0}]",0.0
2024-12-16 08:30:00-05:00,85836.74559497071,133104.7455949707,"[{'asset': SPY, 'quantity': -78.0}]",0.00036363506313019656
2024-12-16 09:30:00-05:00,85836.74559497071,133104.7455949707,"[{'asset': SPY, 'quantity': -78.0}]",0.0
2024-12-16 09:30:00-05:00,85836.74559497071,133104.7455949707,"[{'asset': SPY, 'quantity': -78.0}]",0.0
2024-12-17 09:30:00-05:00,85977.92540454102,133104.7455949707,"[{'asset': SPY, 'quantity': -78.0}]",0.0016447479292434064
2024-12-18 09:30:00-05:00,85994.30711840821,133104.7455949707,"[{'asset': SPY, 'quantity': -78.0}]",0.0001905339514778337
2024-12-19 09:30:00-05:00,86978.66673754883,133104.7455949707,"[{'asset': SPY, 'quantity': -78.0}]",0.011446799818797704
2024-12-20 09:30:00-05:00,87726.68407153321,133104.7455949707,"[{'asset': SPY, 'quantity': -78.0}]",0.008600009198134195
2024-12-21 09:30:00-05:00,87726.68407153321,133104.7455949707,"[{'asset': SPY, 'quantity': -78.0}]",0.0
2024-12-21 09:29:00-05:00,87726.68407153321,133104.7455949707,"[{'asset': SPY, 'quantity': -78.0}]",0.0
2024-12-23 08:30:00-05:00,86861.97645239258,132951.3975949707,"[{'asset': SPY, 'quantity': -78.0}]",-0.00985683692815209
2024-12-23 09:30:00-05:00,86861.97645239258,132951.3975949707,"[{'asset': SPY, 'quantity': -78.0}]",0.0
2024-12-23 09:30:00-05:00,86861.97645239258,132951.3975949707,"[{'asset': SPY, 'quantity': -78.0}]",0.0
2024-12-24 09:30:00-05:00,86458.7177854004,132951.3975949707,"[{'asset': SPY, 'quantity': -78.0}]",-0.004642522349387335
2024-12-25 09:30:00-05:00,86458.7177854004,132951.3975949707,"[{'asset': SPY, 'quantity': -78.0}]",0.0
2024-12-25 09:29:00-05:00,86458.7177854004,132951.3975949707,"[{'asset': SPY, 'quantity': -78.0}]",0.0
2024-12-26 08:30:00-05:00,86190.39759497071,132951.3975949707,"[{'asset': SPY, 'quantity': -78.0}]",-0.003103448643498097
2024-12-26 09:30:00-05:00,86190.39759497071,132951.3975949707,"[{'asset': SPY, 'quantity': -78.0}]",0.0
2024-12-26 09:30:00-05:00,86190.39759497071,132951.3975949707,"[{'asset': SPY, 'quantity': -78.0}]",0.0
2024-12-27 09:30:00-05:00,86343.2793088379,132951.3975949707,"[{'asset': SPY, 'quantity': -78.0}]",0.0017737673584663494
2024-12-28 09:30:00-05:00,86343.2793088379,132951.3975949707,"[{'asset': SPY, 'quantity': -78.0}]",0.0
2024-12-28 09:29:00-05:00,86343.2793088379,132951.3975949707,"[{'asset': SPY, 'quantity': -78.0}]",0.0
2024-12-30 08:30:00-05:00,87095.97645239258,132951.3975949707,"[{'asset': SPY, 'quantity': -78.0}]",0.008717495438902656
2024-12-30 09:30:00-05:00,87095.97645239258,132951.3975949707,"[{'asset': SPY, 'quantity': -78.0}]",0.0
2024-12-30 09:30:00-05:00,87095.97645239258,132951.3975949707,"[{'asset': SPY, 'quantity': -78.0}]",0.0
2024-12-31 15:59:00-05:00,86710.16437963868,199382.96925024415,"[{'asset': SPY, 'quantity': -191.0}]",-0.004429734741705271
2024-12-31 16:00:00-05:00,86710.16437963868,199382.96925024415,"[{'asset': SPY, 'quantity': -191.0}]",0.0
